SCHOOL_DSTRCT_CD,SCHOOL_DSTRCT_NM,PROGRAM_TOTAL_Grad_Rate,PROGRAM_PERCENT_Grad_Rate,TOTAL_COUNT_Grad_Rate,direct_cert_perc,ACT Composite,STUDENT_COUNT_ALL_Attendance,FIVE_OR_FEWER_PERCENT_ALL_Attendance,SIX_TO_FIFTEEN_PERCENT_ALL_Attendance,OVER_15_PERCENT_ALL_Attendance,CHRONIC_ABSENT_PERC_ALL_Attendance,PROGRAM_PERCENT_Dropout,Teachers_Percent_Inexp,HOPE_ELIGIBLE_PCT,Debt Services_Expenditures_REV_EXP_VALUE,Federal_Revenues_REV_EXP_VALUE,General Administration_Expenditures_REV_EXP_VALUE,Instruction_Expenditures_REV_EXP_VALUE,Instructional Support_Expenditures_REV_EXP_VALUE,Local_Revenues_REV_EXP_VALUE,Maintenance and Operations_Expenditures_REV_EXP_VALUE,Media_Expenditures_REV_EXP_VALUE,Other_Revenues_REV_EXP_VALUE,Pupil Services_Expenditures_REV_EXP_VALUE,Renovation and Capital Projects_Expenditures_REV_EXP_VALUE,School Administration_Expenditures_REV_EXP_VALUE,School food Services_Expenditures_REV_EXP_VALUE,State Lottery_Revenues_REV_EXP_VALUE,State Other_Revenues_REV_EXP_VALUE,State QBE_Revenues_REV_EXP_VALUE,Transportation_Expenditures_REV_EXP_VALUE,Debt Services_Expenditures_Dollars per FTE,Federal_Revenues_Dollars per FTE,General Administration_Expenditures_Dollars per FTE,Instruction_Expenditures_Dollars per FTE,Instructional Support_Expenditures_Dollars per FTE,Local_Revenues_Dollars per FTE,Maintenance and Operations_Expenditures_Dollars per FTE,Media_Expenditures_Dollars per FTE,Other_Revenues_Dollars per FTE,Pupil Services_Expenditures_Dollars per FTE,Renovation and Capital Projects_Expenditures_Dollars per FTE,School Administration_Expenditures_Dollars per FTE,School food Services_Expenditures_Dollars per FTE,State Lottery_Revenues_Dollars per FTE,State Other_Revenues_Dollars per FTE,State QBE_Revenues_Dollars per FTE,Transportation_Expenditures_Dollars per FTE,SAT Combined Score
601,Appling County,216,87.45,247,44.27784578,21.35454545,3495,38.1,42.2,19.8,18.4,1.2,27.97779112,44.19,0,0,1202.517651,6640.353185,470.9900715,4630.981605,695.6678627,210.8971474,0,379.4004006,0,568.7007868,8.538649499,0,163.7716023,5428.332189,610.5988269,0,0,1258.32,6948.51,492.85,4845.89,727.95,220.68,0,397.01,0,595.09,8.93,0,171.37,5680.25,638.94,1019
602,Atkinson County,114,94.21,121,45.92164419,21.35454545,1664,52.3,36.1,11.7,12.4,2.287288136,37.71775701,48.28,0,2.030288462,349.7423678,5101.272482,343.6907692,1897.81488,618.9060697,154.2380048,0,232.0853846,0,524.2292067,18.2143149,0,192.7782692,8050.057692,481.3111478,0,2.09,360.35,5256.05,354.12,1955.4,637.68,158.92,0,239.13,0,540.13,18.77,0,198.63,8294.3,495.91,1048.509554
761,Atlanta Public Schools,2557,83.13,3076,54.39046893,20,52688,42.4,20,37.6,38.4,2.5,49.58234596,42.22,18.31442492,25.07475251,302.7573539,10643.44272,1018.547592,13168.32464,1451.547594,98.53993908,84.63757573,892.106863,0.037959308,746.9349406,2.466968949,0,77.14039326,3395.080607,561.9403145,19.39,26.55,320.59,11270.41,1078.55,13944.02,1537.05,104.34,89.62,944.66,0.04,790.93,2.61,0,81.68,3595.07,595.04,1086
603,Bacon County,140,95.89,146,46.46464646,21.35454545,2107,28.4,39.9,31.7,29.3,2.287288136,37.61543739,48.94,0,142.1743522,385.3741671,6067.59158,273.0679307,2002.523953,907.732411,155.1594495,15.91585192,605.4641006,0,645.3531182,18.0265496,0,182.1271856,7881.559089,582.4980161,0,148.81,403.37,6350.93,285.82,2096.03,950.12,162.4,16.66,633.74,0,675.49,18.87,0,190.63,8249.6,609.7,1019
604,Baker County,22,91.67,24,61.95652174,21.35454545,306,31.7,46.1,22.2,19.3,2.287288136,35,52.63,0,0,1628.138366,6641.546242,626.3294444,8215.635163,1537.489575,126.1938562,0,493.9987908,0,773.2113725,10.69398693,0,542.7901634,7050.591503,1165.777255,0,0,1805.11,7363.45,694.41,9108.64,1704.61,139.91,0,547.69,0,857.26,11.86,0,601.79,7816.96,1292.49,820
605,Baldwin County,207,84.84,244,59.63127781,18.1,5030,45.8,30,24.2,24.6,2.3,46.6603235,26.92,0,-12.85586481,413.9332724,5519.473396,443.7539264,4039.080439,682.9780934,165.9090378,0,304.4870258,0,669.0320915,9.067900596,0,50.97007753,4847.293042,444.1931093,0,-13.76,443.09,5908.27,475.01,4323.6,731.09,177.6,0,325.94,0,716.16,9.71,0,54.56,5188.74,475.48,990
606,Banks County,175,88.83,197,27.0993766,20.6,2888,37.2,40.8,22,22.2,3.5,23.4747229,48.9,0,0,258.9882445,6511.068556,447.3737742,3617.568355,548.7500277,146.9360111,0,333.0954155,0,507.3799515,9.022209141,0,375.8159037,6184.00554,667.7800866,0,0,269.15,6766.45,464.92,3759.46,570.27,152.7,0,346.16,0,527.28,9.38,0,390.56,6426.56,693.97,1078
607,Barrow County,814,90.95,895,24.72034148,21.4,14780,24.6,36.1,39.4,39.4,3.3,43.48834863,48.19,0,2.926522327,209.4531942,5914.734358,417.4702246,3657.928078,519.9962605,152.0835947,0,406.9353329,0,587.2197815,4.858102842,0,103.6216103,5947.488633,592.0658681,0,3.1,221.99,6268.9,442.47,3876.96,551.13,161.19,0,431.3,0,622.38,5.15,0,109.83,6303.61,627.52,1053
608,Bartow County,867,93.63,926,29.8700288,21.4,13947,37,37.5,25.4,25.1,1.5,32.19234807,53.48,0,13.66834445,157.7970395,6565.135854,191.5550929,4892.114219,735.4108747,141.9520872,51.43471714,405.7028135,0,725.4126063,5.171563777,0,109.2107693,5176.880835,347.7883839,0,14.6,168.51,7011.02,204.56,5224.37,785.36,151.59,54.93,433.26,0,774.68,5.52,0,116.63,5528.48,371.41,1051
609,Ben Hill County,180,84.51,213,49.20578892,21.35454545,3064,38,37.1,24.8,25.1,3.2,37.71908764,41.28,0,0,569.5834987,4791.778512,90.55329308,2550.77748,669.1354569,94.54,0,289.6924282,0,724.27875,9.928097258,0,166.3318505,7233.583877,320.0278198,0,0,608.3,5117.47,96.71,2724.15,714.62,100.97,0,309.38,0,773.51,10.6,0,177.64,7725.24,341.78,955
610,Berrien County,189,89.57,211,40.36729037,20,3171,19.6,37.2,43.1,41.7,3.8,30.72927073,48.69,0,0,272.8772312,5219.194787,292.1919458,2023.229871,538.9974929,150.3117534,8.889637338,235.6657679,0,490.1238568,7.051611479,0,131.8053705,6558.609902,365.2616367,0,0,297.15,5683.4,318.18,2203.18,586.94,163.68,9.68,256.63,0,533.72,7.68,0,143.53,7141.95,397.75,1040
611,Bibb County,1085,80.67,1345,61.4123029,18.5,22542,22.4,26.8,50.8,53.7,2.9,49.3416568,31.63,29.6075987,73.65883506,172.5129767,5436.693958,559.5586807,4225.284087,823.9502595,184.7557102,6.412356934,291.7270739,0,739.7264573,5.354539526,0,93.01436785,5195.794961,340.8698261,32.33,80.42,188.36,5935.97,610.95,4613.31,899.62,201.72,7,318.52,0,807.66,5.85,0,101.56,5672.94,372.17,975
612,Bleckley County,158,92.94,170,32.76006711,21.35454545,2534,66,27.8,6.2,5.6,2.287288136,26.62112191,46.05,0,33.01030387,374.7413812,5670.149534,161.7844199,1987.18747,620.35691,122.7247238,0,387.4446409,0,622.4573915,11.73353197,0,138.2721902,7375.756117,761.3516298,0,34.67,393.53,5954.48,169.9,2086.84,651.46,128.88,0,406.87,0,653.67,12.32,0,145.21,7745.61,799.53,1149
613,Brantley County,206,94.06,219,41.76819744,19.8,3477,39.4,36,24.6,23.8,1.7,23.429124,39.71,0,0,218.4215703,5487.356324,264.3440552,1836.846598,942.4816624,200.0722951,0,354.4112166,0,477.1402013,9.478932988,0,232.4179523,7688.625122,741.736937,0,0,237.03,5954.91,286.87,1993.36,1022.79,217.12,0,384.61,0,517.8,10.29,0,252.22,8343.74,804.94,1110
763,Bremen City,161,97.58,165,13.05919566,20.7,2279,61.8,32.1,6.1,5,2.287288136,15.6667874,75.78,0,62.78482668,506.3639403,6038.533817,177.6979289,2754.139487,807.420939,149.6102326,0,349.9337473,0,594.0511057,5.795283019,0,61.04069767,7002.2681,59.6078982,0,63.94,515.64,6149.16,180.95,2804.6,822.21,152.35,0,356.34,0,604.93,5.9,0,62.16,7130.55,60.7,1097
614,Brooks County,126,87.5,144,56.73996176,21.35454545,2266,37.8,35.1,27.1,28.6,2.287288136,52.88741172,24.59,0,0,850.4016461,5514.87222,124.1280362,4157.159903,1007.476156,189.2198147,0,648.9810503,126.3969726,582.051474,10.31637246,0,457.3038791,5908.779788,624.9690644,0,0,907.26,5883.57,132.43,4435.09,1074.83,201.87,0,692.37,134.85,620.96,11.01,0,487.88,6303.81,666.75,925
615,Bryan County,654,93.43,700,14.73181094,22.7,10114,56.2,31.9,12,12.9,1.5,43.50919043,48.29,0,133.4065078,209.9862517,5426.491957,376.179558,2900.823545,747.4638966,152.4229573,7.192273087,335.9775974,0,615.4778218,3.047196955,0,74.06354261,5693.618549,422.707545,0,141.46,222.67,5754.2,398.9,3076,792.6,161.63,7.63,356.27,0,652.65,3.23,0,78.54,6037.46,448.23,1095
764,Buford City,349,95.88,364,13.05305673,25.2,5664,52.8,33.1,14.1,12.4,2.287288136,35.30148786,68.27,0,0,801.2799435,6834.24804,51.41349223,5927.660132,790.237154,136.3128602,0,502.5635222,0,717.042417,1.99220339,0,101.6278867,4499.064795,308.3586388,0,0,814.51,6947.09,52.26,6025.53,803.28,138.56,0,510.86,0,728.88,2.03,0,103.31,4573.35,313.45,1165
616,Bulloch County,644,83.42,772,39.9557437,21.6,11381,51.1,32.9,16.1,17.7,3.8,31.76506671,46.41,0,0,120.1866875,4597.730151,283.5948317,3611.343202,746.6012161,134.5868685,0.263597223,616.6436447,2.032070996,678.5212846,6.596899218,0,101.8823733,5652.14243,504.0935761,0,0,131.21,5019.35,309.6,3942.51,815.07,146.93,0.29,673.19,2.22,740.74,7.2,0,111.23,6170.46,550.32,1100
617,Burke County,280,87.5,320,53.18664643,21.4,4191,67.7,21.2,11.1,12.2,2.287288136,28.34791386,30.5,0,2.046499642,726.7866929,7697.807592,285.8240253,17988.08977,1102.873737,172.3550585,0,405.252472,0,859.5738583,5.087897876,0,142.7106466,2118.986638,1294.138607,0,2.14,761.68,8067.39,299.55,18851.73,1155.82,180.63,0,424.71,0,900.84,5.33,0,149.56,2220.72,1356.27,1053
618,Butts County,216,89.26,242,42.57848217,22.2,3552,53.5,32,14.5,15.9,2,33.99588759,51.4,0,2.380349099,350.0157207,5303.492432,402.4629026,3854.393218,462.9403941,138.4523255,0,460.4149521,0,810.7467342,12.03667511,0,155.6069904,5175.60473,216.5170327,0,2.57,378.35,5732.81,435.04,4166.4,500.42,149.66,0,497.69,0,876.38,13.01,0,168.2,5594.57,234.04,1066
765,Calhoun City,273,100,273,27.91929382,20.2,4142,46.1,38.1,15.8,13.6,2.287288136,34.48112087,58.74,13.34222115,34.93732738,253.153438,4824.60049,381.3162482,3944.714614,693.3938267,78.89639788,1.207146306,509.2236915,0,541.993141,7.858573153,0,94.63356108,5241.732738,278.4659126,13.32,34.89,252.79,4817.62,380.76,3939.01,692.39,78.78,1.21,508.49,0,541.21,7.85,0,94.5,5234.15,278.06,1094
619,Calhoun County,38,88.37,43,68.4434968,21.35454545,499,36.1,27.9,36.1,37.9,2.287288136,69.85536934,39.47,0,0,1617.755671,6148.144549,439.9086172,6319.979178,1256.316513,152.4240481,0,299.4008016,0,1212.613988,9.698797595,0,333.6281964,7132.328657,996.1284369,0,0,1710.3,6499.84,465.07,6681.5,1328.18,161.14,0,316.53,0,1281.98,10.25,0,352.71,7540.32,1053.11,1048.509554
620,Camden County,538,92.12,584,25.09861377,21.7,9754,52.1,33.3,14.6,14.6,2.1,34.64744124,52.71,0,486.1681382,124.9303619,4967.75703,611.2401046,2900.21097,651.7311247,170.318172,0,391.3794833,0,616.2196637,4.461416855,0,91.4053332,5818.817203,383.6878194,0,531.03,136.46,5426.15,667.64,3167.82,711.87,186.03,0,427.49,0,673.08,4.87,0,99.84,6355.74,419.09,1073
621,Candler County,149,94.9,157,48.71550904,21.35454545,2297,57.6,31.1,11.3,12.4,2.287288136,41.28463476,44.22,0,16.68262952,287.8059425,5346.327732,168.4730475,2382.486239,594.7339399,131.0942969,1.673082281,307.0040575,0,613.3936613,6.291249456,0,160.5721027,6215.137135,516.5895298,0,18.05,311.39,5784.51,182.28,2577.75,643.48,141.84,1.81,332.17,0,663.67,6.81,0,173.73,6724.53,558.93,973
622,Carroll County,944,93.37,1011,34.7599889,20.1,15614,33.3,37.3,29.4,30.8,1.9,37.15808944,56.37,12.87665941,6.012247342,175.5680415,5891.425634,244.0161637,3001.112105,633.7516492,156.8619495,1.157459972,357.1033508,0,714.6241789,5.080108236,0,140.992248,6134.317087,501.8141738,13.79,6.44,187.99,6308.37,261.29,3213.51,678.6,167.96,1.24,382.38,0,765.2,5.44,0,150.97,6568.46,537.33,1047
766,Carrollton City,407,91.05,447,33.58866335,22.1,5495,39.4,37.9,22.7,22.7,1.6,34.79613558,67.87,0,72.68462784,251.4987243,5291.771476,228.6915687,3339.297352,466.8326515,97.01709372,0,147.7844786,0,719.6206369,8.404940855,0,60.2004131,5269.571247,88.66287716,0,75.25,260.36,5478.2,236.75,3456.94,483.28,100.43,0,152.99,0,744.97,8.7,0,62.32,5455.22,91.79,1086
767,Cartersville City,313,91.25,343,26.57026661,21.5,4669,58.6,32.8,8.6,8.8,2.6,33.8781575,63.61,0,0,303.012069,6091.614828,496.9692675,4411.61912,564.0926558,69.4766224,5.254872564,527.2026815,0,543.3838745,6.350618976,0,84.06336689,4945.06661,428.2599079,0,0,311.21,6256.43,510.42,4530.98,579.36,71.36,5.4,541.47,0,558.09,6.52,0,86.34,5078.86,439.85,1084
623,Catoosa County,724,88.19,821,25.8539918,21.7,10851,60.7,30.2,9.1,9.8,1.7,24.58386795,52.93,0,41.15818266,210.2971477,6882.030958,322.8449912,3340.902478,808.7769616,156.7228265,3.202067091,494.7721519,0,760.6023537,5.611542715,0,115.3169219,6904.650263,509.6540595,0,43.45,222.02,7265.71,340.84,3527.16,853.87,165.46,3.38,522.36,0,803.01,5.92,0,121.75,7289.59,538.07,1157
624,Charlton County,89,95.7,93,37.94191919,21.35454545,1715,45.5,36.6,17.9,16.9,2.287288136,28.2731569,51.14,0,61.28892128,837.1660408,4434.815802,250.5053819,3297.05172,702.6860758,276.5900933,0,418.6351079,0,745.3419767,11.35020991,0,151.3923207,6493.428571,586.2044082,0,66.15,903.55,4786.48,270.37,3558.49,758.41,298.52,0,451.83,0,804.44,12.25,0,163.4,7008.33,632.69,1041
626,Chattahoochee County,87,93.55,93,30.87557604,21.35454545,973,52.3,41.3,6.4,8.8,2.287288136,55.86242884,37.78,0,1450.530647,1042.087975,4880.17815,196.8102158,1717.190781,883.7649126,104.2438541,0,368.498407,0,786.936372,8.578633094,0,555.8821172,7266.797533,460.5804214,0,1607.48,1154.84,5408.22,218.11,1902.99,979.39,115.52,0,408.37,0,872.08,9.51,0,616.03,8053.07,510.42,1048.509554
627,Chattooga County,121,79.61,152,53.45309381,20.5,2700,21.1,35.2,43.7,40,4.5,35.57712456,45.6,0,2.801851852,314.8824667,6262.513596,435.8797926,3024.499515,727.0792889,189.233963,2.724277778,354.5693963,0,672.6216222,10.42064444,0,169.431237,6882.821111,257.9560852,0,3,336.84,6699.2,466.27,3235.4,777.78,202.43,2.91,379.29,0,719.52,11.15,0,181.25,7362.76,275.94,1048.509554
628,Cherokee County,2917,90.82,3212,12.46599848,23.8,43636,36.8,36.7,26.5,24.7,1.6,29.57829896,61.84,0.26965831,4.562521771,140.6051769,6618.099773,500.6838603,4826.173169,696.9285514,112.9491869,15.20164658,404.3102853,5.850975571,616.7754732,10.83682922,0,108.225259,5026.315428,522.4193952,0.28,4.74,146.01,6872.29,519.91,5011.54,723.7,117.29,15.79,419.84,6.08,640.46,11.25,0,112.38,5219.37,542.48,1129
769,Chickamauga City,102,100,102,10.54718477,21.4,1297,65.9,28.2,5.9,5,2.287288136,18.04156328,67.33,0,1.996260601,627.0895991,5496.768882,147.404495,2249.572436,1087.158358,159.6159753,5.34309946,415.2396762,0,713.5062914,9.573153431,0,60.6841249,6933.399383,121.2254742,0,2.05,642.44,5631.37,151.01,2304.66,1113.78,163.52,5.47,425.41,0,730.98,9.81,0,62.17,7103.17,124.19,1048.509554
629,Clarke County,629,79.82,788,44.53554222,22.6,12634,49.6,22.9,27.5,30.3,2.2,47.17313728,46.29,0,5.715227165,268.488941,7751.207902,861.1912973,7807.834099,1054.747362,160.068003,0,578.1739758,0,782.9230521,6.066868767,0,138.6038388,5588.566012,552.4010955,0,5.94,278.82,8049.38,894.32,8108.18,1095.32,166.23,0,600.42,0,813.04,6.3,0,143.94,5803.55,573.65,1069
630,Clay County,0,0,0,84.06593407,21.35454545,185,37.8,33,29.2,26.5,2.287288136,61.26819923,0,0,792.5189189,2282.986324,7558.102162,1262.377027,9176.044378,1705.382973,421.7525946,0,657.8732432,0,2362.804703,464.6631892,0,808.2591351,9055.47027,1634.198486,0,788.26,2270.71,7517.47,1255.59,9126.71,1696.21,419.49,0,654.34,0,2350.1,462.17,0,803.91,9006.78,1625.41,1048.509554
631,Clayton County,2859,75.98,3763,51.19925302,19.2,55318,51.8,22,26.2,26.9,4.7,42.1119403,36.24,0,11.02213222,219.9595159,5460.670216,659.1990412,3224.765445,510.7228493,119.8885272,0,392.3920286,0,639.7932901,4.828816841,0,33.74052261,5941.795148,149.5054915,0,11.51,229.63,5700.79,688.19,3366.57,533.18,125.16,0,409.65,0,667.93,5.04,0,35.22,6203.07,156.08,977
632,Clinch County,76,86.36,88,44.77124183,21.35454545,1307,45.9,40.4,13.7,13.3,2.7,27.35911271,38.67,0,2.054705432,433.6088982,5734.702089,318.3829992,4702.775991,911.992961,159.8307116,0,751.3244912,0,468.1981637,8.23517215,0,146.622632,6469.157613,582.0395256,0,2.18,460.01,6083.81,337.77,4989.07,967.51,169.56,0,797.06,0,496.7,8.74,0,155.55,6862.98,617.47,939
633,Cobb County,7791,87.2,8935,19.47177385,24.3,114145,68.5,19.8,11.7,13.2,3.2,30.41117499,57.9,0,46.32030882,187.5399433,6440.257431,372.4471414,5453.804715,669.0293141,150.497846,2.093981164,287.8234167,15.84589776,672.0271711,4.179445267,0,81.10372149,4816.740672,425.1916949,0,48.16,195,6696.33,387.26,5670.66,695.63,156.48,2.18,299.27,16.48,698.75,4.35,0,84.33,5008.26,442.1,1144
634,Coffee County,422,88.66,476,49.51185495,19.8,7743,45.4,36.5,18.1,18.3,1.7,32.35698492,50.69,0,90.68028413,207.0461449,5810.194953,351.5495183,2184.940176,612.9491179,189.0317048,3.560041328,523.6670347,0,540.1149516,6.952799948,0,106.0855082,6802.037841,455.0622666,0,95.74,218.59,6134.22,371.15,2306.79,647.13,199.57,3.76,552.87,0,570.24,7.34,0,112,7181.37,480.44,1027
635,Colquitt County,485,84.2,576,48.96703807,20.6,9112,39.9,37.1,22.9,21.6,1.5,36.84331618,42.53,0,14.98189201,277.1100307,6386.048952,370.1349616,2242.272242,778.4470961,172.7487676,33.00660009,641.0612127,0,624.9013389,20.51536106,0,148.9958176,7979.112599,402.5447904,0,15.33,283.49,6533.03,378.65,2293.88,796.36,176.72,33.77,655.82,0,639.28,20.99,0,152.43,8162.76,411.81,1060
636,Columbia County,1914,92.33,2073,14.7369936,23.9,29661,49.6,35.2,15.2,12.3,1.5,33.58732411,54.45,0,30.33925289,93.60361215,6007.882327,345.8887108,3870.169155,716.7176572,152.8214669,0,193.3375834,0.141195509,560.9543835,4.226187249,0,78.48050369,5118.221429,361.291326,0,32.24,99.46,6383.66,367.52,4112.24,761.55,162.38,0,205.43,0.15,596.04,4.49,0,83.39,5438.35,383.89,1113
771,Commerce City,116,95.87,121,25.83182093,21.35454545,1739,47.4,39.2,13.4,12.6,2.287288136,41.62280702,57.26,0,12.40607246,411.0608051,6148.835842,281.737211,3478.388798,570.9210236,207.6090512,0,415.8324784,0,635.180483,29.83757907,0,77.01871765,7301.194365,290.2819379,0,12.76,422.73,6323.37,289.73,3577.12,587.13,213.5,0,427.64,0,653.21,30.68,0,79.2,7508.44,298.52,1108
637,Cook County,202,95.73,211,46.53198653,21.35454545,3164,40.4,38.6,21,19.9,1.1,34.74499089,42.57,5.828871681,0,466.7736662,5585.896776,174.9695765,2442.489488,631.6775126,137.8831448,0,450.479665,0,640.4100126,4.028953856,0,118.6886346,6828.979772,499.0005183,6.13,0,490.82,5873.64,183.98,2568.31,664.22,144.99,0,473.68,0,673.4,4.24,0,124.8,7180.76,524.71,1006
638,Coweta County,1610,89.3,1803,23.94320749,22.6,23427,66,24.5,9.4,9.4,2.7,26.82985845,51.85,0,0,90.82184531,6288.765868,236.7576143,4765.005156,596.7125624,136.4499761,4.924344133,404.9183353,0,753.9133991,5.230443932,0,59.88695181,4804.197379,431.2033756,0,0,96.86,6707.04,252.5,5081.93,636.4,145.53,5.25,431.85,0,804.06,5.58,0,63.87,5123.73,459.88,1116
639,Crawford County,87,70.73,123,42.03174603,21.35454545,1713,37.2,38.5,24.3,24.3,2.9,42.3255814,37.78,0,32.9056509,582.1021308,5876.562183,83.39924694,2915.786883,756.6394104,145.3943608,0,427.8630648,0,723.4516112,8.213934618,0,186.5521308,5629.181553,505.4656334,0,35.27,623.99,6299.47,89.4,3125.62,811.09,155.86,0,458.65,0,775.51,8.81,0,199.98,6034.29,541.84,1027
640,Crisp County,230,85.82,268,57.60407816,21.35454545,3763,38.2,31.7,30.1,29.3,3.9,35.72704082,34.65,0,0,326.0495137,5882.803492,332.836144,3237.115161,501.9996014,190.0427584,0,435.5519373,0,695.3188387,8.10462397,0,184.8127425,6675.525644,561.820109,0,0,345.13,6227,352.31,3426.52,531.37,201.16,0,461.04,0,736,8.58,0,195.63,7066.1,594.69,991
641,Dade County,132,84.08,157,25.10060362,20.3,2098,53.1,35,11.9,10.2,2.287288136,32.27146814,55.22,0,0,461.4411439,6548.921063,181.1523356,3783.504261,790.9548427,194.5057674,0,300.9798093,0,751.2456196,8.312345091,0,129.5456673,5978.924214,250.3800286,0,0,485.26,6887.04,190.51,3978.84,831.79,204.55,0,316.52,0,790.03,8.74,0,136.23,6287.61,263.31,1026
772,Dalton Public Schools,461,85.06,542,26.18339194,23.4,7798,59.6,30.9,9.6,9.5,4.2,32.89996545,51.57,0,161.6833624,190.8574468,6985.037528,586.4805655,4217.110605,748.7216479,172.1414042,1.476024622,375.7952706,0,646.9590882,0,0,87.80132085,6185.864581,370.685395,0,160.61,189.59,6938.77,582.6,4189.18,743.76,171,1.47,373.31,0,642.67,0,0,87.22,6144.89,368.23,1047
642,Dawson County,239,95.6,250,22.48322148,20.6,3802,41.3,41.6,17.1,16.5,1.1,31.25494689,58.68,0,6.656512362,282.1565676,6735.784637,844.2366649,7174.046988,877.988585,186.2419542,0,446.2193109,0,772.0808285,12.87450289,0,95.15602841,4777.762493,590.5654129,0,7.01,297.33,7097.96,889.63,7559.79,925.2,196.26,0,470.21,0,813.6,13.57,0,100.27,5034.66,622.32,1051
773,Decatur City,355,96.73,367,8.096085409,26.1,5750,88.7,8.6,2.7,2.5,2.287288136,43.11928144,76.22,52.98706435,13.32869565,496.7599635,9064.20184,814.7723913,7655.268565,1214.352991,239.8828017,13.25483304,818.9832313,0,1073.632842,143.40124,0,61.13960696,5352.100174,250.5921809,54.15,13.62,507.62,9262.34,832.58,7822.6,1240.9,245.13,13.54,836.89,0,1097.1,146.54,0,62.48,5469.09,256.07,1270
643,Decatur County,335,88.86,377,50.11753644,18.4,4709,39.5,34.1,26.4,28.8,1.1,32.27711915,36.61,0,6.983510299,145.745893,3806.031353,237.4617498,3820.485562,960.8684031,237.2677617,0,457.7284137,0,611.7784413,9.966882565,0,131.6973965,5966.050542,497.3472712,0,7.57,157.96,4124.88,257.35,4140.54,1041.36,257.14,0,496.07,0,663.03,10.8,0,142.73,6465.85,539.01,1023
644,DeKalb County,5016,75.41,6652,42.9704168,22.4,98083,58.2,19.3,22.6,23.3,4.9,38.44276129,47.67,0,0,529.4657011,7359.642939,348.4746397,6703.101437,1038.079555,141.4392332,0.145292252,644.9588669,0.027109693,731.4785045,3.500091045,0,82.15514972,5151.356586,474.63241,0,0,547.4,7608.98,360.28,6930.19,1073.25,146.23,0.15,666.81,0.03,756.26,3.62,0,84.94,5325.88,490.71,1100
645,Dodge County,210,90.91,231,48.01393728,21.35454545,3045,53.4,35.1,11.6,13.3,1.4,30.69854227,53.77,0,0,270.7646043,6161.332837,240.0203186,2316.989606,531.8757373,169.5235074,0,514.3167126,0,456.5081576,22.00984893,0,134.5067685,7852.299507,473.6760099,0,0,287.68,6546.15,255.01,2461.7,565.09,180.11,0,546.44,0,485.02,23.38,0,142.91,8342.73,503.26,1083
646,Dooly County,86,87.76,98,64.23487544,21.35454545,1210,28,26.6,45.4,43.7,2.287288136,44.18406476,21.59,0,1.47107438,691.6001157,4480.653083,587.9023058,4747.137446,767.2249008,199.4173719,0,261.5712893,0,803.2839091,11.10768595,0,229.8167769,4720.14876,487.815405,0,1.53,718.93,4657.72,611.14,4934.74,797.54,207.3,0,271.91,0,835.03,11.55,0,238.9,4906.68,507.09,1048.509554
647,Dougherty County,707,86.22,820,67.56735951,19.4,13806,54.5,20.7,24.8,25.3,0.9,39.63935045,30.64,0,15.62877372,323.658907,5343.040986,868.1167456,3457.793948,909.7578734,165.9392373,2.903549906,407.3111756,0,753.5182776,5.799876141,0,73.24637694,6658.848906,221.9375395,0,16.47,341.15,5631.85,915.04,3644.7,958.93,174.91,3.06,429.33,0,794.25,6.11,0,77.21,7018.79,233.93,954
648,Douglas County,1897,87.74,2162,34.15772282,20,27891,44.4,29.5,26.1,27.1,1.9,40.11558333,45.32,0,55.74882184,146.6154039,6103.582973,468.3515274,3672.920426,494.9341938,177.9974451,2.441585099,290.5283543,0,723.6720175,4.046643003,0,89.0184045,5658.074827,386.4365229,0,59.55,156.61,6519.67,500.28,3923.31,528.67,190.13,2.61,310.33,0,773.01,4.32,0,95.09,6043.79,412.78,1038
774,Dublin City,145,94.16,154,69.33212176,16.6,2434,43.3,21.7,34.9,35.9,2.287288136,59.88730883,26.71,0,0,434.6457601,3409.125604,934.6546015,4749.191253,874.9067707,101.7944864,0,614.5535867,5.710764174,659.1851561,5.823221035,0,234.4927938,4746.750205,407.9108135,0,0,485.51,3808.08,1044.03,5304.97,977.29,113.71,0,686.47,6.38,736.33,6.5,0,261.93,5302.24,455.65,968
649,Early County,109,81.34,134,63.20371445,21.35454545,1795,43.4,40.9,15.7,18.4,3.9,17.4904943,40.37,0,0,370.9767688,7245.980919,130.8617103,4328.590457,890.1206685,197.7272591,8.467966574,429.617532,0,697.5009972,9.803637883,0,141.5328078,6361.57493,464.232156,0,0,385.36,7526.93,135.94,4496.42,924.63,205.39,8.8,446.28,0,724.55,10.18,0,147.02,6608.23,482.23,953
650,Echols County,50,98.04,51,48.39901478,18.7,888,39.3,35.9,24.8,20.9,2.287288136,22.59502664,40,0,2.30518018,663.7975676,5216.328739,82.59472973,2611.976014,633.3673198,149.8509685,10.71058559,300.1387725,0,469.7924887,12.76563063,0,212.7847635,7286.426802,697.7742005,0,2.42,697.58,5481.78,86.8,2744.89,665.6,157.48,11.26,315.41,0,493.7,13.42,0,223.61,7657.22,733.28,1009
651,Effingham County,787,90.98,865,19.87927565,23,13475,47.2,38.4,14.4,13.4,2.2,35.68480069,47.72,0,26.6175577,297.7484245,5799.525528,406.4759681,3093.893478,636.6735859,158.1846776,0,622.6150865,23.36348942,635.3690323,4.322545455,0,101.8475881,6164.225232,487.3750605,0,28.65,320.54,6243.4,437.59,3330.69,685.4,170.29,0,670.27,25.15,684,4.65,0,109.64,6636.01,524.68,1113
652,Elbert County,167,88.36,189,41.6322314,21.35454545,3031,43.3,39.2,17.5,15.1,3.6,33.1876862,52.63,24.55030023,138.8399637,345.3708446,6013.597984,460.8644573,3453.420887,689.8031805,142.5334708,0,525.9767272,0,791.1585384,7.345988123,0,113.1033289,7025.238535,556.7216463,25.22,142.6,354.73,6176.62,473.36,3547.04,708.5,146.4,0,540.24,0,812.61,7.55,0,116.17,7215.69,571.81,1019
653,Emanuel County,230,88.8,259,53.03696045,19,4101,46,37.3,16.7,15.8,2.9,31.26704953,45.89,0,0,354.8750646,6170.132236,246.2706633,2135.852443,265.3017093,174.7772202,0,559.9203999,0,673.5128505,108.8375786,0,371.618771,6937.237991,475.0403389,0,0,371.74,6463.27,257.97,2237.33,277.91,183.08,0,586.52,0,705.51,114.01,0,389.27,7266.82,497.61,1006
654,Evans County,104,85.25,122,57.27221279,21.35454545,1915,38.1,33.4,28.6,33,2.4,60.05176877,36.89,0,3.020887728,379.9718433,4534.644282,358.7854465,2499.532689,938.573295,196.1608773,0,667.7816397,0,790.0760888,51.29741514,0,140.7766527,6864.418799,345.472423,0,3.19,401.79,4795.05,379.39,2643.07,992.47,207.43,0,706.13,0,835.45,54.24,0,148.86,7258.62,365.31,1075
655,Fannin County,172,90.53,190,27.77777778,21.9,2963,34.5,43.1,22.4,21.4,2.5,31.71242511,53.22,0,32.53636855,511.1662167,7158.724394,505.7449072,7702.181225,877.0219811,249.6334357,0.338457644,407.1719642,0,758.0794128,5.264070199,0,149.2557341,4813.58488,682.0552717,0,34.21,537.47,7527.08,531.77,8098.5,922.15,262.48,0.36,428.12,0,797.09,5.53,0,156.94,5061.27,717.15,1089
656,Fayette County,1572,89.73,1752,12.73527005,24.6,20732,59,30.2,10.8,10.1,1.5,29.38411144,62.07,0,0,168.4992548,7277.196788,637.5306946,5841.648191,761.2706135,171.3092832,0,626.4841096,0,705.075192,4.729567336,0,58.65302527,5180.526336,357.4162131,0,0,175.18,7565.86,662.82,6073.37,791.47,178.1,0,651.33,0,733.04,4.92,0,60.98,5386.02,371.59,1154
657,Floyd County,627,94.14,666,32.55892636,21.2,9398,45.9,37.2,16.9,18.4,1.2,29.26106428,49.68,0,0.382116408,320.26279,6647.965114,329.2223579,4280.736427,904.771778,162.9234869,17.46158119,362.0815195,0,723.407608,11.39422643,0,92.85831028,6577.403703,569.2816621,0,0.4,335.81,6970.61,345.2,4488.49,948.68,170.83,18.31,379.65,0,758.52,11.95,0,97.36,6896.62,596.91,1082
658,Forsyth County,3736,96.41,3875,6.10703581,25.4,52823,56.4,32.1,11.5,10.1,0.6,34.61390703,70.19,0.018931147,6.260667323,79.25396778,6709.694917,413.2030384,4903.143051,649.9483112,66.07886527,2.41680783,209.4831571,0,552.982121,8.634542907,0,91.58153759,4495.103497,321.4259361,0.02,6.43,81.39,6890.63,424.35,5035.36,667.47,67.86,2.48,215.13,0,567.89,8.87,0,94.05,4616.32,330.09,1178
659,Franklin County,233,90.31,258,33.71136944,21.9,3835,24.7,38.8,36.5,35.2,1.9,28.22861118,49.16,0,55.51097523,301.5943233,5734.082602,397.8260391,3790.939525,658.9188031,131.6263051,0,413.5718748,0,614.529309,7.575288136,0,209.3922712,6461.89987,668.0211213,0,59.68,324.25,6164.9,427.72,4075.76,708.43,141.52,0,444.64,0,660.7,8.14,0,225.12,6947.4,718.21,1059
660,Fulton County,6648,87.72,7579,26.00606239,25.3,95026,34.9,26.9,38.2,38.1,2,39.43055444,57.74,0,9.823760655,239.4272391,6933.400138,860.4424593,7473.95963,729.4538826,179.7714471,7.035280134,740.5455541,0.109856355,628.0574998,0.102338518,0,75.64201945,3898.371867,512.3832706,0,10.51,256.2,7419.1,920.72,7997.53,780.55,192.36,7.53,792.42,0.12,672.05,0.11,0,80.94,4171.46,548.28,1098
776,Gainesville City,460,86.96,529,34.248226,22.3,8218,47.2,30.8,22,21.9,3.2,40.08280377,42.59,0,20.75539669,328.9399647,5709.422283,567.0414541,4288.806057,810.4428936,128.9674909,9.472097834,304.0899416,0,728.5561292,5.429625213,0,67.41623509,4874.881115,416.3526551,0,20.97,332.34,5768.38,572.9,4333.1,818.81,130.3,9.57,307.23,0,736.08,5.49,0,68.11,4925.22,420.65,1054
661,Gilmer County,238,94.07,253,32.97256481,20.5,4230,38.9,38.9,22.2,22.5,2.7,34.63302752,58.33,0.558510638,12.80928605,295.3326194,6232.452771,175.490974,5079.630766,813.2085083,142.0640331,34.464487,293.6057707,0,650.6674397,7.910869976,0,118.1105012,4838.455792,542.538234,0.57,13.13,302.78,6389.55,179.91,5207.67,833.71,145.64,35.33,301.01,0,667.07,8.11,0,121.09,4960.41,556.21,993
662,Glascock County,40,97.56,41,27.23809524,21.35454545,552,50,35.1,14.9,13.4,2.287288136,42.26545455,58.54,0,9.875036232,967.3661594,6284.965743,337.8919928,3141.76779,1050.327409,219.059692,1.324076087,455.0459601,0,686.2012681,6.467083333,0,384.6994203,7811.782609,767.9204167,0,10.3,1009.43,6558.23,352.58,3278.37,1095.99,228.58,1.38,474.83,0,716.04,6.75,0,401.43,8151.43,801.31,1031
663,Glynn County,767,93.88,817,38.18107998,21.2,13533,51.6,33.9,14.5,16.2,1.4,33.08387443,56.03,22.90258849,75.46470775,154.8789197,6321.342241,417.0406303,6327.889699,981.6929964,158.6693446,0,322.9691229,2.275110471,591.5203244,6.22000665,0,-462.0798212,4052.708934,396.4482295,24.73,81.49,167.24,6825.72,450.32,6832.79,1060.02,171.33,0,348.74,2.46,638.72,6.72,0,-498.95,4376.07,428.08,1108
664,Gordon County,419,96.99,432,30.66533267,20.2,6496,28.1,35.3,36.5,35.8,1.2,27.29167627,59.2,0,2.818482143,253.1664871,6171.900559,398.5019935,3257.575899,946.6058605,146.1500677,4.25885468,291.0589871,0,542.3184667,4.611579433,0,110.7249446,6254.53202,533.4301216,0,3,269.56,6571.49,424.3,3468.48,1007.89,155.61,4.53,309.9,0,577.43,4.91,0,117.89,6659.47,567.97,1033
665,Grady County,263,92.28,285,42.98978644,20.6,4582,53.1,33.8,13.1,13.2,1.4,33.09651773,51.94,193.2879289,0,180.7405958,5425.061093,376.3460716,2167.032687,734.6551244,182.9018551,0,320.296148,0,604.9638651,5.951641205,0,88.85107813,6736.521825,348.0762702,200.6,0,187.58,5630.27,390.58,2249,762.44,189.82,0,332.41,0,627.85,6.18,0,92.21,6991.33,361.24,957
666,Greene County,153,94.44,162,37.68595041,21.35454545,2522,45.8,35.9,18.3,16.1,2.2,54.70272904,57.52,0,5.222323553,631.6714195,5605.740615,319.5568834,11178.67296,707.4909477,126.5198017,3.041169707,457.3046788,0,528.1134576,8.39520222,0,227.5347819,3999.002379,282.9325852,0,5.37,649.44,5763.42,328.55,11493.12,727.39,130.08,3.13,470.17,0,542.97,8.63,0,233.94,4111.49,290.89,1048.509554
726,Griffin-Spalding County,538,83.54,644,51.83110728,19.2,10232,40.1,28.2,31.6,33.8,2.6,48.94368231,38.24,0,64.89338937,231.8062373,5797.575434,784.7552258,3164.287994,862.2551661,167.1838595,0,272.2206753,0,518.793188,6.472103206,0,95.62562647,6521.227228,509.6404163,0,71.24,254.46,6364.21,861.45,3473.55,946.53,183.52,0,298.83,0,569.5,7.1,0,104.97,7158.59,559.45,1000
667,Gwinnett County,11757,82.48,14255,21.2664013,23.5,191293,73.5,18.3,8.2,8.6,3.8,36.69882238,53.39,0,8.024141343,194.6597103,5935.195611,543.6785559,4230.767582,668.4073557,120.5845478,0,292.1844519,0.260657891,773.7178423,2.565706377,0,86.11809104,5358.01918,529.2764016,0,8.33,202.17,6164.11,564.65,4393.94,694.19,125.24,0,303.45,0.27,803.56,2.66,0,89.44,5564.67,549.69,1128
668,Habersham County,449,97.61,460,28.06383619,22.2,7100,58.6,32.2,9.3,13.1,2.287288136,32.73222061,50.55,0.246830986,6.966160563,151.7003873,6887.97967,311.7665648,3885.194569,854.8037845,164.4116577,11.25498592,305.4029,0,710.6489803,6.862567606,0,158.5844831,6613.995893,586.2050451,0.26,7.22,157.28,7141.45,323.24,4028.17,886.26,170.46,11.67,316.64,0,736.8,7.12,0,164.42,6857.38,607.78,1107
669,Hall County,1796,87.31,2057,22.08374125,22.4,28312,47.4,34.8,17.8,18.5,2.4,35.06545263,48.73,0,16.80766813,123.4410508,6221.738365,454.4459265,4356.09408,328.1981524,152.4851755,13.40359459,429.8608403,0,622.8064598,4.450975911,0,77.19034791,5333.444617,305.90122,0,17.1,125.56,6328.59,462.25,4430.9,333.83,155.1,13.63,437.24,0,633.5,4.53,0,78.52,5425.04,311.15,1106
670,Hancock County,54,87.1,62,67.16621253,21.35454545,794,85.6,11,3.4,3.4,5.2,45.54257426,47.37,0,26.38960957,1047.08335,5711.557456,1390.881121,8218.943186,2450.619295,244.3237657,0,254.3483501,0,943.5805919,14.20921914,0,264.5352645,5306.604534,1078.052834,0,28.09,1114.46,6079.06,1480.37,8747.78,2608.3,260.04,0,270.71,0,1004.29,15.12,0,281.56,5648.05,1147.42,1048.509554
671,Haralson County,198,96.59,205,41.52515219,20.7,3447,53.3,36.1,10.6,13.4,1.1,26.24633822,44.62,0,1.94391935,383.5313055,6590.307238,358.4149637,3229.324842,648.9701334,205.7574296,0,332.69528,0,709.7127415,5.384873803,0,103.2439687,7714.882797,523.2236205,0,2.14,422.24,7255.44,394.59,3555.25,714.47,226.52,0,366.27,0,781.34,5.93,0,113.66,8493.52,576.03,1079
672,Harris County,409,92.12,444,18.07114324,23.1,5555,34.8,39.2,26,23.7,2.2,27.51874718,56.09,0,7.991944194,338.1738974,6031.406376,348.1112457,5036.037865,583.4790621,165.4691485,2.015767777,490.2926319,0,664.4208281,5.573443744,0,154.8152619,4909.693969,937.7072061,0,8.35,353.38,6302.57,363.76,5262.45,609.71,172.91,2.11,512.34,0,694.29,5.82,0,161.78,5130.43,979.87,1125
673,Hart County,223,96.96,230,36.5613826,23.6,3562,46.2,38.1,15.7,16.5,1,33.957795,54.05,0,2.748455924,214.3194357,5979.555371,353.2741662,4682.395343,759.8877765,142.1623891,1.158057271,347.21105,0,648.2437086,7.12062886,0,148.8708254,5082.488209,487.2187619,0,2.89,225.46,6290.37,371.64,4925.78,799.39,149.55,1.22,365.26,0,681.94,7.49,0,156.61,5346.67,512.54,1051
674,Heard County,130,93.53,139,35.8662614,20.7,2135,48,34.9,17.1,16.9,2.287288136,30.59986082,53.13,0,3.1264637,542.5794941,5462.79919,269.444103,4242.402042,942.9906838,171.875555,0,362.2556253,0,788.7795176,6.311119438,0,72.7309274,6184.359719,445.5989321,0,3.37,585.35,5893.42,290.68,4576.82,1017.32,185.42,0,390.81,0,850.96,6.81,0,78.46,6671.86,480.72,1039
675,Henry County,3224,87.58,3681,30.71489726,20.5,45579,54,26.7,19.2,21.5,2.3,42.24024077,37.25,0,47.77599662,105.6416804,5911.315286,365.4349189,3990.355111,734.6642667,130.3364769,0,371.9334705,6.379034204,655.7011481,2.095769324,0,92.96466202,4621.852673,334.3284366,0,51.3,113.43,6347.19,392.38,4284.59,788.84,139.95,0,399.36,6.85,704.05,2.25,0,99.82,4962.65,358.98,1032
676,Houston County,1882,88.82,2119,29.29667028,22.9,31290,38.8,36.2,25,23.8,1.7,33.70647239,53.13,0,62.1677357,132.1741748,6045.746366,368.7304305,3129.239874,732.9448939,120.9850633,0,442.7635174,0,660.6882534,0,0,86.67138319,6565.537616,507.0504912,0,67.19,142.84,6533.74,398.49,3381.82,792.11,130.75,0,478.5,0,714.02,0,0,93.67,7095.49,547.98,1096
677,Irwin County,114,92.68,123,43.88535032,21.35454545,1670,48,36.6,15.4,14.1,2.2,24.30851064,42.98,0,2.398203593,499.5002635,5753.712719,375.2667186,2680.197605,701.3375928,129.6852934,0,401.2672335,0,592.5753473,13.44579641,0,183.0009102,7583.542515,438.8101437,0,2.54,528.29,6085.31,396.89,2834.66,741.76,137.16,0,424.39,0,626.73,14.22,0,193.55,8020.59,464.1,982
678,Jackson County,481,93.76,513,22.01678628,21.8,8910,52.8,33.2,14,14.3,1.2,44.20922643,46.69,0,19.24590572,257.4676846,6454.484875,575.3508462,5134.263747,835.6875567,133.6990752,0,301.8860359,0,551.6088249,3.339996633,0,208.8295859,5114.874074,665.3455499,0,20.38,272.61,6834.16,609.2,5436.28,884.85,141.56,0,319.64,0,584.06,3.54,0,221.11,5415.75,704.48,1055
679,Jasper County,144,88.34,163,36.31111111,18.9,2397,53.3,35.7,11.1,10.7,2.287288136,42.76992288,45.07,0,13.69953275,307.1795995,5913.683392,315.0071089,4186.277672,874.7891865,129.5069337,0,481.8672966,0,665.1511139,13.39495202,0,137.7475553,6106.806425,821.5230288,0,14.39,322.66,6211.7,330.88,4397.24,918.87,136.03,0,506.15,0,698.67,14.07,0,144.69,6414.56,862.92,1053
680,Jeff Davis County,162,93.64,173,45.19363762,21.35454545,3052,35.1,39.1,25.9,26.5,2.287288136,26.21195351,45.06,8.134066186,0,380.0571822,5386.621265,239.6230963,1924.015564,686.1833028,131.1868906,7.192005242,457.1725819,3.555045872,471.5781193,7.287807995,0,181.8044233,6990.519987,627.909076,8.4,0,392.4,5561.56,247.41,1986.5,708.47,135.45,7.43,472.02,3.67,486.89,7.52,0,187.71,7217.55,648.3,981
779,Jefferson City,239,97.55,245,12.33953367,21.8,4011,29,41.1,29.9,24.1,0.9,27.60540971,65.13,5.191396161,0,236.4023161,5919.219033,258.4721242,3053.443625,478.1559636,133.5177038,0,329.724909,0,534.5523037,7.347474445,0,94.33017701,5090.34904,230.9804164,5.38,0,244.95,6133.3,267.82,3163.88,495.45,138.35,0,341.65,0,553.89,7.61,0,97.74,5274.45,239.33,1134
681,Jefferson County,185,90.24,205,58.9958159,21.35454545,2313,58.3,30.5,11.2,10.3,2.287288136,50.77302726,44.13,0.921980112,35.47871595,241.8282793,6602.593575,208.8753221,3726.624462,882.8252054,230.6604194,0,371.7264462,0,756.6738435,0,0,135.1054864,6783.728491,535.4798184,0.98,37.83,257.88,7040.94,222.74,3974.04,941.44,245.97,0,396.41,0,806.91,0,0,144.08,7234.1,571.03,910
682,Jenkins County,67,81.71,82,53.96226415,21.35454545,1156,41,39.2,19.8,23,3.9,15.78256071,44.12,0,0,539.0998097,6521.13032,586.2014446,3560.210035,671.8775779,102.4717128,21.60581315,297.6602941,13.24502595,870.6718339,12.13425606,0,217.024083,7192.930796,808.5380969,0,0,585.71,7084.99,636.89,3868.05,729.97,111.33,23.47,323.4,14.39,945.96,13.18,0,235.79,7814.88,878.45,1048.509554
683,Johnson County,84,87.5,96,52.26824458,21.35454545,1065,44.9,37.6,17.6,17.5,2.287288136,42.63940256,49.35,0,2.924882629,490.722,4328.607408,516.7182535,2785.673944,900.1099624,219.0220563,0,182.1512113,656.4528826,892.8267512,10.457277,0,688.8288075,7830.093897,691.1747042,0,3.04,509.38,4493.15,536.36,2891.56,934.32,227.35,0,189.08,681.41,926.76,10.85,0,715.01,8127.73,717.45,1042
684,Jones County,328,87,377,28.91121591,21.9,5175,52.4,34.2,13.4,13.3,2.3,36.56406586,45,0,21.61737005,223.226456,6466.934189,371.7027266,2840.822149,848.3670068,167.1527072,66.9794744,372.0692116,0,657.8220444,55.69365604,0,140.8013353,6968.51942,614.4270396,0,22.77,235.13,6811.8,391.52,2992.32,893.61,176.07,70.55,391.91,0,692.9,58.66,0,148.31,7340.14,647.19,1058
685,Lamar County,157,86.26,182,40.07782101,21.35454545,2806,64.8,28.2,7,7.1,2.8,31.27095398,36.94,0,0,367.4502316,5427.954768,351.1906486,3632.30768,680.2690663,141.2029259,0,237.0289024,0,446.8053671,3.866913756,0,209.6711618,4552.809337,436.2801996,0,0,399.17,5896.57,381.51,3945.9,739,153.39,0,257.49,0,485.38,4.2,0,227.77,4945.87,473.95,1003
686,Lanier County,81,88.04,92,43.48894349,21.35454545,1783,49.3,38.1,12.6,14.1,3.6,35.94594595,45.57,0,23.95793606,355.8862311,5203.818256,374.0883231,2217.183202,905.5287437,145.2449187,0,526.3726809,0,683.3855749,7.142366798,0,94.9951318,7850.777902,585.3169153,0,25.92,385.04,5630.1,404.73,2398.81,979.71,157.14,0,569.49,0,739.37,7.73,0,102.78,8493.89,633.26,1022
687,Laurens County,401,87.94,456,40.06877354,20.3,6435,46.6,37.1,16.3,15.8,1.4,30.40998217,57.39,9.569358197,2.48951049,394.8519176,6133.409838,151.1779782,2559.679627,514.0446853,139.7215136,1.925407925,506.0132152,0,626.6968609,7.085959596,0,102.8130427,7072.546698,514.7690583,10.04,2.61,414.09,6432.28,158.54,2684.41,539.09,146.53,2.02,530.67,0,657.24,7.43,0,107.82,7417.18,539.85,1038
688,Lee County,407,93.56,435,29.33093407,19.5,6448,54.9,34,11.1,11.3,2.7,37.59752322,48.56,0,16.32829404,162.8661476,5620.480901,247.777303,3155.920678,876.9732987,187.6692432,4.854199752,420.2524628,0,532.0423387,4.964961228,0,101.7437205,6077.953784,549.9887748,0,17.07,170.23,5874.67,258.98,3298.65,916.64,196.16,5.07,439.26,0,556.1,5.19,0,106.35,6352.84,574.86,1049
689,Liberty County,584,92.11,634,38.49901524,19.7,11102,45.3,28.4,26.3,29,2,37.13003376,37.37,0,231.1113007,167.2000946,5668.066021,161.8065637,2397.195337,669.5317357,190.6376184,0,398.3241767,0,623.8928139,5.238147181,0,109.6796028,6070.15871,542.9483318,0,263.89,190.91,6471.96,184.76,2737.19,764.49,217.68,0,454.82,0,712.38,5.98,0,125.24,6931.08,619.95,1017
690,Lincoln County,66,89.19,74,43.33958724,21.35454545,1103,35.1,36.8,28.1,24.9,2.287288136,43.10752688,49.23,0,244.6502357,471.3073527,6840.307842,256.2737625,4760.256138,1096.561342,238.4574887,0,428.792194,0,934.4106256,11.86688123,0,288.3913871,6145.659112,884.4249048,0,254.82,490.89,7124.51,266.92,4958.04,1142.12,248.37,0,446.61,0,973.23,12.36,0,300.37,6401,921.17,1075
691,Long County,224,95.32,235,32.63271355,21.35454545,4121,62.8,29,8.3,11.3,1.1,51.59180113,45.65,0,62.73580199,222.7888522,4564.485081,412.4121621,1519.479289,530.1602014,111.7147197,0,341.9360083,0,445.717008,7.255882067,0,112.700364,6664.402087,551.2300073,0,68.16,242.05,4959.2,448.08,1650.88,576.01,121.38,0,371.5,0,484.26,7.88,0,122.45,7240.71,598.9,975
692,Lowndes County,586,92.43,634,29.06432749,22.2,11089,56.7,34.1,9.3,10.3,1.8,29.93888573,59.22,0,103.6655298,227.6994319,5298.793048,400.753425,3091.707639,710.5651592,132.5040373,0,330.8950473,10.58785373,466.5052295,5.011452791,0,80.73313644,5899.399856,281.0526558,0,110.49,242.69,5647.67,427.14,3295.27,757.35,141.23,0,352.68,11.28,497.22,5.34,0,86.05,6287.82,299.56,1104
693,Lumpkin County,248,98.41,252,24.85175202,22.1,4129,48.9,37.5,13.6,15.1,0.9,28.8332983,51.19,1.435376605,2.586582708,254.9305062,5788.218687,423.8101986,4225.21783,572.7606442,156.4194648,0,561.0315863,0,619.7744999,34.9349673,0,74.11789295,5054.166868,496.6748511,1.58,2.85,281,6380.02,467.14,4657.21,631.32,172.41,0,618.39,0,683.14,38.51,0,81.7,5570.92,547.46,1069
694,Macon County,68,78.16,87,62.70718232,21.35454545,1169,65.2,23.1,11.7,13.6,2.287288136,54.86098655,20.59,0,0,834.4073482,4634.26337,514.7514713,6321.615543,1230.374175,198.3862275,0,466.1225663,0,642.1629256,9.521659538,0,156.531728,4511.351583,495.1230539,0,0,883.53,4907.11,545.06,6693.81,1302.81,210.07,0,493.57,0,679.97,10.08,0,165.75,4776.97,524.27,874
695,Madison County,302,95.27,317,31.25130127,23.2,5109,43.1,37.9,18.9,18.9,1.5,24.27368267,37.5,0,0.390025445,343.8136465,6567.050732,344.1660384,3280.130251,304.7087865,155.4761989,47.66040321,577.9059601,0.710309258,679.2808632,7.683832453,0,169.6061812,7605.548444,451.8107497,0,0.41,358.55,6848.55,358.92,3420.74,317.77,162.14,49.7,602.68,0.74,708.4,8.01,0,176.88,7931.57,471.18,1068
781,Marietta City,554,86.7,639,30.52246727,23.2,9342,53.4,27.3,19.3,21,2.1,37.47521116,39.56,0,17.88190966,326.7092732,7328.662306,697.9716153,6959.321663,567.2294391,144.6298576,0.80817812,752.663982,0,810.396368,3.196177478,0,139.5463434,5009.814387,446.6313295,0,18.96,346.32,7768.56,739.87,7377.05,601.28,153.31,0.86,797.84,0,859.04,3.39,0,147.92,5310.53,473.44,1052
696,Marion County,73,84.88,86,47.36408567,21.35454545,1302,65.7,27.3,7,7.1,2.287288136,34.04791929,47.69,0,12.87634409,426.913341,4927.916905,567.7923656,2859.118134,1074.201244,167.5483948,0,292.7652227,0,688.8366897,4.168717358,0,157.11202,7169.81106,850.5046697,0,13.61,451.17,5207.91,600.05,3021.57,1135.24,177.07,0,309.4,0,727.98,4.41,0,166.04,7577.19,898.83,1038
697,McDuffie County,194,83.26,233,53.21321321,21.35454545,3515,63.4,25.2,11.4,10.8,2.1,38.88991579,44.74,0,1.266002845,279.9512603,5796.17623,458.4542817,3599.262003,818.0077354,224.8883585,0,452.2976814,0,736.2658293,5.877604552,0,100.1259317,6436.375818,493.5673201,0,1.33,294.8,6103.52,482.76,3790.12,861.38,236.81,0,476.28,0,775.31,6.19,0,105.44,6777.67,519.74,1022
698,McIntosh County,78,97.5,80,47.96680498,21.35454545,1321,39.7,39.1,21.2,21.1,2.287288136,52.97233667,38.27,0,90.53935655,463.9712188,5655.876858,523.482112,6423.770802,1035.675958,260.8614232,22.1297729,429.7514762,0,761.8579485,35.59719909,0,247.8141559,4701.968963,667.6141559,0,98.85,506.53,6174.72,571.5,7013.06,1130.68,284.79,24.16,469.17,0,831.75,38.86,0,270.55,5133.31,728.86,1048.509554
699,Meriwether County,124,81.58,152,55.98911071,16,2436,52.5,32.1,15.5,18.7,3.3,51.90776555,44.8,0,109.8788095,537.7143801,5395.490517,519.5681034,4888.947188,1205.113021,108.9612849,0,797.5821141,0,796.9120854,9.699958949,0,282.7316174,6466.275862,939.7207102,0,121.28,593.51,5955.33,573.48,5396.23,1330.16,120.27,0,880.34,0,879.6,10.71,0,312.07,7137.22,1037.23,1048.509554
700,Miller County,72,96,75,47.22598106,21.35454545,803,36.2,35,28.8,30.5,2.287288136,33.07374101,52.78,0,2.98256538,929.1399004,5646.423051,418.1489539,5110.302927,1308.273512,142.9520797,0,313.9571606,0,795.4832254,9.994097136,0,261.1513699,7149.462017,1021.311968,0,3.23,1005.52,6110.62,452.53,5530.42,1415.83,154.7,0,339.77,0,860.88,10.82,0,282.62,7737.22,1105.27,940
701,Mitchell County,80,90.91,88,68.92655367,21.35454545,1551,92.2,6.2,1.6,1.6,2.287288136,54.88216355,44.83,0,0,365.9212057,4829.38608,737.7629981,8092.77735,758.8031721,112.7107479,83.81689233,253.9420438,0,754.1123404,14.89257253,0,157.9597421,5090.357189,620.5536299,0,0,454.04,5992.3,915.42,10041.52,941.52,139.85,104,315.09,0,935.7,18.48,0,196,6316.12,769.98,1024
702,Monroe County,284,91.03,312,35.06036217,22.8,4178,56.2,32.2,11.6,11.8,1.8,30.95615425,56.18,0,16.62329105,426.1549449,7103.336123,244.7336022,6415.819426,1042.459464,173.1638344,0,368.1883054,0,462.754933,4.762685495,0,168.4934514,4659.920057,878.0184466,0,17.32,443.9,7399.09,254.92,6682.95,1085.86,180.37,0,383.52,0,482.02,4.96,0,175.51,4853.94,914.58,1078
703,Montgomery County,49,100,49,52.4684271,21.35454545,957,49.1,37.4,13.5,14.9,2.287288136,47.3189585,40,0,12.51306165,371.9988924,4714.698788,427.4717659,3521.237753,638.1556113,116.8769383,0,372.7169383,0,523.1689969,7.21938349,0,374.7546186,6517.197492,472.179697,0,13.69,406.86,5156.53,467.53,3851.23,697.96,127.83,0,407.65,0,572.2,7.9,0,409.87,7127.95,516.43,1048.509554
704,Morgan County,199,94.31,211,27.37376945,21.6,3303,50.8,33.6,15.7,15.1,1,27.05637708,63.05,72.07685437,37.81002422,430.517805,6919.305147,465.3929398,5433.700805,616.5725613,165.2520678,0,509.4537239,0,638.7312322,18.25975477,0,247.0107448,5393.1099,430.607148,74.37,39.01,444.24,7139.79,480.22,5606.85,636.22,170.52,0,525.69,0,659.08,18.84,0,254.88,5564.96,444.33,1048
705,Murray County,435,97.32,447,35.07734304,19.1,7060,45.6,34,20.4,23.7,0.5,36.5352098,50.46,0,1.197592068,126.3976105,5698.2892,341.3005453,2420.701673,740.3682635,144.6667564,0,309.0270836,0,542.9631756,3.360892351,0,97.41427762,5920.652266,470.5134263,0,1.25,132.16,5958.22,356.87,2531.12,774.14,151.27,0,323.12,0,567.73,3.51,0,101.86,6190.73,491.98,1025
706,Muscogee County,1802,91.15,1977,47.08447963,23.2,32403,59,23.6,17.4,18.6,2,41.05871537,48.37,1.861016573,48.05206401,140.7159593,5778.911576,435.1340367,3785.79267,753.6770716,158.8410447,7.527149338,324.3157581,0,613.5184282,0,0,112.558693,5282.146128,382.3310249,2,51.64,151.22,6210.13,467.6,4068.29,809.92,170.69,8.09,348.52,0,659.3,0,0,120.96,5676.3,410.86,1111
707,Newton County,1206,89.07,1354,43.46844366,19.5,19595,54.9,25.9,19.2,20,2.9,44.26598686,42.99,0,7.295655524,141.77568,6209.779352,532.1084874,3481.119773,739.01694,135.0675708,0.821638173,477.1475897,0,684.5184639,5.877982649,0,127.4795524,6282.967798,492.5935968,0,7.77,150.98,6613.08,566.67,3707.2,787.01,143.84,0.88,508.14,0,728.97,6.26,0,135.76,6691.02,524.59,1009
708,Oconee County,624,98.27,635,7.764965653,25.2,8516,41.8,39,19.3,16.3,2.287288136,37.03534569,75.12,0,2.302973227,154.887648,6755.765924,218.0683736,4995.102361,717.9533619,123.4010756,0.00117426,314.6428664,0,659.9199213,26.96982621,0,88.85974988,5183.498239,430.1949096,0,2.37,159.38,6951.68,224.39,5139.96,738.77,126.98,0,323.77,0,679.06,27.75,0,91.44,5333.82,442.67,1127
709,Oglethorpe County,130,94.2,138,33.23713324,23.6,2195,40.8,36.3,23,22.4,1.5,28.13095995,53.44,0,2.204911162,331.5610114,6565.97749,469.7923144,4455.429645,813.587344,165.7504237,0,375.463959,0,727.5987608,7.237234624,0,124.2902688,6764.944419,699.4062096,0,2.29,344.92,6830.48,488.72,4634.91,846.36,172.43,0,390.59,0,756.91,7.53,0,129.3,7037.47,727.58,1047
710,Paulding County,2185,89.29,2447,21.56381369,20.9,31991,49.8,34.3,15.9,14.2,2.3,29.38249102,48.34,0,0,104.440608,6218.673739,462.2127461,3332.533172,602.2786374,158.0311094,0.029637398,373.1631743,0,615.8150992,3.818360164,0,79.46077553,6065.978994,482.4272795,0,0,111.31,6627.63,492.61,3551.69,641.89,168.42,0.03,397.7,0,656.31,4.07,0,84.69,6464.89,514.15,1060
711,Peach County,190,84.07,226,44.73536036,20,3862,42.6,35.2,22.1,23.1,2,45.08966695,37.7,0,0,389.7728845,5328.234081,238.2678198,3624.226712,694.9982522,150.8291378,3.687050751,431.7086846,0,509.931318,6.398902123,0,50.98329363,5262.714138,474.4364552,0,0,420.12,5743.13,256.82,3906.44,749.12,162.57,3.97,465.32,0,549.64,6.9,0,54.95,5672.51,511.38,1039
784,Pelham City,82,80.39,102,59.72747918,21.35454545,1393,72.4,23.3,4.4,5.3,2.8,32.4452902,37.21,0,3.736539842,376.220122,6539.358579,284.078636,795.6101292,640.1424838,115.1316511,2.225412778,327.3959225,0,736.7053769,10.10086145,0,206.2954989,8892.496052,323.1321393,0,3.89,391.98,6813.26,295.98,828.93,666.95,119.95,2.32,341.11,0,767.56,10.52,0,214.94,9264.96,336.67,955
712,Pickens County,281,94.93,296,27.57612667,24.3,4405,57.9,32.5,9.7,10.9,1.1,38.8725575,58.8,0,13.04880817,308.3195255,6884.646627,561.7238842,6020.138529,728.0785948,215.4278025,0,428.6751419,0,594.099882,5.972839955,0,92.85228377,5335.570942,672.1601249,0,13.91,328.61,7337.74,598.69,6416.33,775.99,229.61,0,456.89,0,633.2,6.37,0,98.96,5686.71,716.4,1121
713,Pierce County,202,93.52,216,34.14277355,21,3614,38.8,37.4,23.9,23,2.287288136,25.55343432,51.26,0,0,308.0765883,5147.517111,297.7837465,2513.188843,725.4886995,173.6983287,0,601.4230769,0,631.0359076,9.286820697,0,243.7448395,6998.463475,412.3123049,0,0,321.14,5365.77,310.41,2619.75,756.25,181.06,0,626.92,0,657.79,9.68,0,254.08,7295.2,429.79,1138
714,Pike County,273,95.12,287,20.53059994,23.9,3511,41.4,40.4,18.3,16.8,1.2,33.26530612,57.85,0,12.27855312,297.4536371,5244.027146,348.8342467,3151.847889,523.1915124,141.6460951,1.817430931,610.4834036,0,549.0252321,1.593691256,0,142.4441641,5869.72401,564.2227343,0,12.99,314.76,5549.06,369.13,3335.18,553.62,149.89,1.92,645.99,0,580.96,1.69,0,150.73,6211.15,597.04,1049
715,Polk County,483,87.5,552,44.59732902,22.1,8058,48.1,33.6,18.3,23.5,2.3,33.79676292,57.26,0,0,223.9146277,6252.760009,137.8767635,2343.552533,860.6715314,150.0734264,37.64565153,172.2317709,0,556.1876309,5.358792504,0,184.0516828,6398.930628,396.2193448,0,0,238.79,6668.18,147.04,2499.25,917.85,160.04,40.15,183.67,0,593.14,5.71,0,196.28,6824.06,422.54,1059
716,Pulaski County,85,94.44,90,46.28099174,21.35454545,1287,40.9,34.1,24.9,23.8,2.287288136,46.32152589,39.29,0,0,819.7759285,5522.478718,117.6956333,3091.66035,645.6809169,127.3113831,0,579.9328827,0,675.7882129,12.39187257,0,174.4773427,7168.616162,567.6544211,0,0,869.79,5859.38,124.88,3280.27,685.07,135.08,0,615.31,0,717.02,13.15,0,185.12,7605.94,602.28,1048.509554
717,Putnam County,155,90.64,171,43.8174852,18.9,3019,35.6,37.7,26.7,24.3,3.1,37.07270101,35.03,0,12.79969858,442.0883173,6821.866741,550.5936668,8112.320219,1101.415124,172.3533521,8.867157999,534.524104,0,691.6674594,5.310917522,0,302.6790494,4386.848957,1044.655409,0,13.15,454.28,7009.94,565.77,8335.98,1131.78,177.11,9.11,549.26,0,710.74,5.46,0,311.02,4507.79,1073.46,1118
718,Quitman County,30,85.71,35,62.26415094,21.35454545,291,58.4,21.6,19.9,17.2,2.287288136,77.38515901,21.43,2.577319588,2.257731959,2172.299725,7042.690859,482.4132302,4728.505533,1031.592371,225.6095533,4.232646048,358.0362887,0,1279.192096,23.87738832,0,353.0241924,10123.81443,597.1704467,2.78,2.43,2341.26,7590.46,519.93,5096.28,1111.83,243.16,4.56,385.88,0,1378.68,25.73,0,380.48,10911.22,643.62,1048.509554
719,Rabun County,116,92.8,125,28.4607938,21.35454545,2212,52.6,35.8,11.5,11.1,2.287288136,30.71816536,42.86,0,30.77798373,414.3377396,7801.295723,619.854783,10683.62458,1302.809322,192.1877486,0,421.2069937,0,923.9195072,85.36550633,0,129.5433635,3642.60443,657.3836031,0,32.84,442.12,8324.39,661.42,11399.99,1390.17,205.07,0,449.45,0,985.87,91.09,0,138.23,3886.85,701.46,1064
720,Randolph County,48,85.71,56,74.50704225,21.35454545,781,57.5,20,22.5,21.1,2.287288136,69.26593407,TFS,0,0,793.4629449,4532.076837,470.650128,5076.702382,2172.019834,207.1853137,2.816901408,502.4910883,8.543072983,1112.686056,19.80294494,0,179.8474136,6044.526248,460.5095519,0,0,858.3,4902.43,509.11,5491.56,2349.51,224.12,3.05,543.55,9.24,1203.61,21.42,0,194.54,6538.47,498.14,1048.509554
721,Richmond County,1586,73.77,2150,54.58208164,21.1,31353,57.5,26.5,16,19.7,2.2,49.17054935,34.41,11.39903677,44.6638545,214.7189424,4866.299933,342.7241342,3278.358549,887.8949172,132.8421586,27.72100246,310.8521417,2.403948585,865.7454563,5.763823877,0,75.9104848,5492.379485,382.7517246,12.53,49.11,236.08,5350.44,376.82,3604.52,976.23,146.06,30.48,341.78,2.64,951.88,6.34,0,83.46,6038.81,420.83,1020
722,Rockdale County,1048,82.13,1276,42.20686057,21.2,16389,49.1,23.6,27.3,28.4,2.5,48.41303831,43.1,0,20.56558545,295.4652206,6543.935176,619.4523217,4517.097991,607.7234127,184.2436006,0,476.2463744,0,822.1422265,6.605704436,0,124.3862707,6240.142352,500.6416719,0,21.62,310.63,6879.76,651.24,4748.91,638.91,193.7,0,500.69,0,864.33,6.94,0,130.77,6560.38,526.33,1075
785,Rome City,421,92.94,453,42.57054314,21.6,6574,48.9,30.3,20.8,19.9,2.287288136,44.18057143,53,0,79.36839671,223.1416611,6452.884855,119.297624,3503.522546,724.4819592,138.2902358,0,396.6933998,0,521.2611454,4.727178278,0,194.86115,6044.66763,317.1490402,0,81.67,229.6,6639.73,122.75,3604.97,745.46,142.29,0,408.18,0,536.35,4.86,0,200.5,6219.7,326.33,1091
625,Savannah-Chatham County,2036,90.13,2259,44.5363717,22,38202,62.6,18.4,19,19.9,2.3,44.34406664,37.45,0,33.51242893,412.8849728,6412.881907,587.5488904,8039.648018,1077.786947,173.2263515,1.054593215,616.7644524,31.6816384,719.7532938,3.205156013,0,91.76112115,3891.43893,551.6614235,0,36.39,448.35,6963.76,638.02,8730.26,1170.37,188.11,1.15,669.75,34.4,781.58,3.48,0,99.64,4225.72,599.05,1042
723,Schley County,83,97.65,85,31.4861461,21.35454545,1237,43.3,39.1,17.5,15.2,2.287288136,22.86434574,72.62,26.86263541,1.438965238,495.2927728,6004.0454,279.4379386,2325.361665,737.9198222,219.4033387,0,354.477599,0,650.3820938,5.561438965,0,136.8665804,7382.973323,350.2045594,27.51,1.47,507.18,6148.18,286.15,2381.19,755.63,224.67,0,362.99,0,666,5.69,0,140.15,7560.21,358.61,1190
724,Screven County,115,92,125,47.93989336,21.35454545,2230,51.6,30.3,18.1,17.6,2.9,20.78810409,39.47,0,33.27920179,347.6938789,5828.604462,386.9653363,3617.017798,787.8309507,169.4292287,8.359,457.8952601,0,684.4548117,8.14493722,0,115.3352556,6684.418834,667.6060179,0,36.11,377.3,6324.96,419.92,3925.04,854.92,183.86,9.07,496.89,0,742.74,8.84,0,125.16,7253.65,724.46,1112
725,Seminole County,100,90.91,110,47.2,21.35454545,1361,33.8,41.1,25.1,25.9,2.287288136,29.80349345,54.46,0,18.00978692,383.2967818,4223.064651,143.2373769,4137.939566,959.0107935,339.1286113,0,598.079133,0,812.9397575,20.17091109,0,235.7992873,5949.62748,733.6555694,0,19.41,413.04,4550.75,154.35,4459.01,1033.42,365.44,0,644.49,0,876.02,21.74,0,254.1,6411.28,790.58,1053
786,Social Circle City,110,95.65,115,26.89891491,20.9,1861,50.2,37.5,12.3,11.9,2,41.26378287,56.73,7.367576572,2.031719506,595.0924449,6195.023541,253.7475766,3297.329285,862.4119613,167.017238,0,476.8591671,0,858.0424073,45.49808168,0,155.89072,6579.272434,342.7390758,7.76,2.14,626.4,6520.89,267.1,3470.77,907.78,175.8,0,501.94,0,903.18,47.89,0,164.09,6925.35,360.77,1108
727,Stephens County,258,92.47,279,39.95766076,21.2,3986,40.1,36.8,23.1,22.2,2,21.47893826,55.22,0,0,315.5942398,6367.956914,368.5366859,3003.743733,552.1654967,96.47674109,0,390.2529328,0,530.6861666,9.000446563,0,484.460858,6324.221776,433.9543803,0,0,330.69,6672.63,386.17,3147.46,578.58,101.09,0,408.92,0,556.08,9.43,0,507.64,6626.8,454.72,1074
728,Stewart County,24,85.71,28,67.91044776,21.35454545,442,64.5,17.6,17.9,16.3,2.287288136,41.34135338,20.83,0,1.980429864,910.4670814,5892.675113,619.265181,7113.507376,879.9603167,180.3830317,0,897.4332127,0,1109.09138,6.723687783,0,71.36785068,7035.099548,1034.601199,0,2.12,976.76,6321.75,664.36,7631.48,944.04,193.52,0,962.78,0,1189.85,7.21,0,76.56,7547.36,1109.94,1048.509554
729,Sumter County,191,92.27,207,69.78148361,21.35454545,3615,69.8,17.1,13.1,11,2.287288136,43.97764502,36.55,0,0,363.8104592,5967.240302,468.6105201,4895.40343,660.9815131,169.7948658,0,353.4550871,0,747.5794633,1.36735823,0,137.2675131,6408.232089,763.0478091,0,0,364.62,5980.48,469.65,4906.26,662.45,170.17,0,354.24,0,749.24,1.37,0,137.57,6422.44,764.74,963
730,Talbot County,41,97.62,42,70.88036117,21.35454545,471,62,24.6,13.4,14,2.287288136,26,32.5,0,0,1181.050361,6225.026837,444.6375159,8434.820573,1626.460021,206.7886624,0,609.9353291,0,1118.911507,6.528726115,0,376.8447346,6286.656051,1026.620021,0,0,1233.43,6501.08,464.36,8808.87,1698.59,215.96,0,636.98,0,1168.53,6.82,0,393.56,6565.44,1072.15,1048.509554
731,Taliaferro County,14,82.35,17,60,21.35454545,176,57.4,14.2,28.4,25,2.287288136,37,28.57,0,2.162272727,2499.128011,10993.12063,621.666875,10189.96273,2026.105057,511.7985227,5.681818182,1354.001534,0,1007.414716,32.37784091,0,155.586875,11831.78977,928.7282386,0,2.25,2602.64,11448.46,647.42,10612.03,2110.03,533,5.92,1410.08,0,1049.14,33.72,0,162.03,12321.86,967.2,1048.509554
732,Tattnall County,227,88.33,257,45.40816327,21.35454545,3720,44.7,37.3,18,19,2,32.68420027,45.78,66.17829032,8.063322581,347.1116586,5694.62436,456.3689543,2254.392801,587.9778683,144.6495027,0,457.7282043,-0.002688172,571.3407177,11.0661129,0,127.2482473,6901.582796,559.0023495,68.25,8.32,357.99,5873.03,470.67,2325.02,606.4,149.18,0,472.07,0,589.24,11.41,0,131.23,7117.8,576.51,1041
733,Taylor County,94,85.45,110,50.43273013,21.35454545,1359,42.7,38.3,19.1,15.3,2.4,32.28850575,54.35,0,99.71529065,570.5006034,7170.908308,207.3663061,3785.299272,814.0817071,189.4945843,0,337.1501472,0,545.0693672,6.930507726,0,465.7910375,7271.367182,504.1308241,0,105.79,605.24,7607.54,219.99,4015.79,863.65,201.03,0,357.68,0,578.26,7.35,0,494.15,7714.12,534.83,958
734,Telfair County,105,90.52,116,54.39056356,21.35454545,1612,55.6,31.9,12.5,12.7,2.287288136,23.62781955,63.46,0,0,496.2239268,5787.403381,254.8681886,3128.793083,739.9804342,145.4128102,0,359.6204529,15.89019851,672.8821588,5.271389578,0,337.0678846,7427.625931,618.2119293,0,0,520.44,6069.81,267.3,3281.47,776.09,152.51,0,377.17,16.67,705.72,5.53,0,353.52,7790.07,648.38,980
735,Terrell County,80,88.89,90,75,21.35454545,1165,81.7,16.3,2,2.2,2.287288136,39.38041958,30.49,146.2316481,0,572.6875622,5562.022197,564.545794,4802.441957,942.4923176,201.8021803,0,507.5433133,0,920.0268755,11.19915021,0,156.3210129,5212.240343,432.0096223,149.57,0,585.76,5688.99,577.43,4912.07,964.01,206.41,0,519.13,0,941.03,11.45,0,159.89,5331.22,441.87,908
736,Thomas County,312,90.17,346,42.68381021,22,5859,48.6,34.9,16.5,17.8,2.287288136,36.93042292,36.99,0,0,242.7492661,5850.735286,583.6721796,2880.798358,841.8186738,120.8580287,0,441.1216419,0,522.3271309,9.544338624,0,116.9325346,7321.529783,508.4650998,0,0,255.44,6156.51,614.18,3031.36,885.81,127.17,0,464.18,0,549.63,10.04,0,123.04,7704.17,535.04,1030
745,Thomaston-Upson County,266,87.79,303,46.53668548,21.3,4094,41.7,36.1,22.2,22.5,2.9,39.50527465,50,0,35.57399121,323.0178627,5915.568842,266.2031656,2754.422176,853.9052272,105.3229995,19.18005129,376.8635393,0,693.5802174,29.27058622,0,92.33452369,6965.149487,537.7459086,0,37.13,337.18,6175,277.88,2875.22,891.35,109.94,20.02,393.39,0,724,30.55,0,96.38,7270.61,561.33,1041
789,Thomasville City,147,80.33,183,40.68322981,21.8,2745,50.2,31.5,18.2,19.1,1.6,34.41779441,46.1,0,85.96956648,316.94749,4428.958368,378.0977851,4966.955934,628.6621093,135.4320474,46.30236794,565.4373807,2.810200364,881.4251949,15.26582514,0,67.32822222,5357.998907,205.5817632,0,90.94,335.27,4684.97,399.95,5254.06,665,143.26,48.98,598.12,2.97,932.37,16.15,0,71.22,5667.71,217.47,1058
737,Tift County,487,91.03,535,46.82166375,21.5,7910,22.4,32.9,44.8,44.3,1.2,42.51702023,35.44,0,2.41908976,133.9160683,5467.604407,199.0244576,2784.984351,515.4571593,134.6794235,0.025283186,395.7025145,0,731.7054197,7.900996207,0,107.5230632,6234.869279,236.2866346,0,2.55,140.92,5753.46,209.43,2930.59,542.41,141.72,0.03,416.39,0,769.96,8.31,0,113.14,6560.84,248.64,1059
738,Toombs County,169,94.41,179,50.49614112,21.35454545,2959,31.8,38.1,30.2,33.2,2.287288136,32.53541768,40.83,1.447134167,5.413991213,95.04164921,4997.393717,160.797783,2705.715103,650.5061642,205.3013079,0,333.5414769,0,501.0986482,23.19341669,0,171.1595607,6555.548496,425.9038256,1.56,5.82,102.15,5371.34,172.83,2908.18,699.18,220.66,0,358.5,0,538.59,24.93,0,183.97,7046.08,457.77,979
739,Towns County,72,91.14,79,25.82710779,21.35454545,1003,47.7,37.1,15.3,14.1,2.287288136,13.07125604,61.64,0,50.33566301,562.1483649,8496.599511,159.8767996,10452.00834,927.5330508,250.7079561,0,1187.423759,0,861.4140578,13.71905284,0,199.391346,4249.439681,489.9558724,0,52.81,589.79,8914.32,167.74,10965.86,973.13,263.03,0,1245.8,0,903.76,14.39,0,209.19,4458.36,514.04,1035
740,Treutlen County,50,87.72,57,47.37845567,21.35454545,1112,45.7,36.1,18.3,18.3,2.287288136,23.92763158,40.38,0,0,604.293786,5733.307905,209.8697752,2066.790108,718.4505576,91.63117806,0,272.5945054,0,631.8736781,8.828642086,0,195.6342896,8485.906475,546.0781115,0,0,636.34,6037.35,221,2176.39,756.55,96.49,0,287.05,0,665.38,9.3,0,206.01,8935.92,575.04,1008
791,Trion City,78,98.73,79,23.84428224,20,1273,45.5,40.5,14.1,11.2,2.287288136,22.48695652,69.62,18.21681068,0.910274941,432.9489866,6409.418162,67.10794973,1059.158335,1210.540385,155.2508248,0,298.0246583,0,909.5590573,3.448672427,0,73.75186174,8929.952082,36.41882954,18.32,0.92,435.34,6444.86,67.48,1065.01,1217.23,156.11,0,299.67,0,914.59,3.47,0,74.16,8979.33,36.62,995
741,Troup County,729,85.87,849,44.27284427,23,12467,47.4,35,17.6,17.3,2.1,36.81973692,41.61,0,54.90674019,268.7857993,5386.857269,326.8123662,4507.785123,1031.738661,149.1922098,0,547.776352,73.28782225,677.3171613,6.627921713,0,122.9204869,5427.163808,725.1878896,0,58.02,284,5691.83,345.31,4762.99,1090.15,157.64,0,578.79,77.44,715.66,7,0,129.88,5734.42,766.24,1110
742,Turner County,80,95.24,84,65.26891522,21.35454545,1171,45,30.2,24.8,26,2.287288136,51.05555556,29.63,0,14.31682323,735.5917079,5652.129411,604.7551665,3803.069855,891.4198292,169.9972502,28.60807003,681.1115286,0,562.1422203,7.443894108,0,253.4756191,7086.864219,547.5033561,0,15.04,772.54,5936,635.13,3994.08,936.19,178.54,30.04,715.32,0,590.38,7.82,0,266.21,7442.8,575,1048.509554
743,Twiggs County,48,76.19,63,59.02578797,21.35454545,768,42.2,25.3,32.6,33.2,2.287288136,47.58515284,46.34,0,0,1259.375638,5392.579271,119.3254297,6791.691211,1740.386471,202.702474,0,639.2973958,0,883.9866536,14.36027344,0,308.4954557,4633.445313,876.8239063,0,0,1395.67,5976.19,132.24,7526.72,1928.74,224.64,0,708.49,0,979.66,15.91,0,341.88,5134.9,971.72,903
744,Union County,175,94.09,186,23.71541502,22.5,2973,77.1,14.9,7.9,8.4,1.5,24.2222918,63.19,0,45.92976791,355.3670098,5419.421826,298.2796704,6344.157952,1320.699095,149.037003,7.109219643,393.8473091,0,643.3455163,7.841944164,0,140.5173798,5257.594013,413.9148907,0,48.7,376.79,5746.06,316.26,6726.53,1400.3,158.02,7.54,417.58,0,682.12,8.31,0,148.99,5574.47,438.86,1062
792,Valdosta City,385,90.38,426,61.39366741,22.2,8960,55.5,31.8,12.8,17.6,1.4,49.22923468,41.32,0,11.18415179,215.8583929,5257.656425,336.0715737,3238.886602,765.7977556,118.1007321,0,398.0191473,0,610.9645603,6.556128348,0,81.73604576,5093.629688,328.2647757,0,12.36,238.6,5811.57,371.48,3580.12,846.48,130.54,0,439.95,0,675.33,7.25,0,90.35,5630.26,362.85,1066
793,Vidalia City,152,93.83,162,45.45062527,21.35454545,2501,59.5,27.7,12.9,13.4,1.8,38.71454436,48.67,0,0,311.3564174,4591.628633,292.255086,2292.799104,387.9495602,182.715006,1.699320272,529.3296122,0,569.424986,8.019120352,0,195.3887645,5931.305078,284.9209756,0,0,333.06,4911.75,312.63,2452.65,415,195.45,1.82,566.23,0,609.12,8.58,0,209.01,6344.82,304.79,1021
746,Walker County,516,90.69,569,34.30182665,19.4,8766,44.9,33.9,21.3,22.9,2.9,23.95753467,44.17,0,4.398843258,115.3254997,6500.574723,246.1770922,3000.22533,577.7997308,147.934773,0,501.4170146,0,717.1908225,8.279428474,0,175.1897,7366.779375,515.929368,0,4.74,124.35,7009.11,265.44,3234.93,623,159.51,0,540.64,0,773.3,8.93,0,188.89,7943.07,556.29,1214
747,Walton County,792,92.74,854,27.06586826,21.8,14465,35.6,38.5,25.8,25.3,1.9,24.55997097,54.88,0,49.0676495,221.1750176,5494.298625,322.3446664,4141.452835,539.1962862,130.3985185,0,292.9041963,0,651.251317,4.77006291,0,86.3712354,5012.685932,398.9148856,0,52.52,236.72,5880.51,345,4432.56,577.1,139.56,0,313.49,0,697.03,5.11,0,92.44,5365.04,426.96,1059
748,Ware County,326,90.3,361,49.53238656,18.8,6295,38.8,35.7,25.5,28.5,2.6,33.65461847,45.63,0,19.75555838,138.9793296,6137.366651,320.5836934,2537.415439,932.9027101,209.8437411,0.050303415,366.1755997,7.528611597,665.3887514,16.57356473,0,106.3671867,7365.014297,482.6006402,0,21.47,151.07,6671.51,348.48,2758.25,1014.09,228.11,0.05,398.04,8.18,723.3,18.02,0,115.62,8006,524.6,1048
749,Warren County,37,82.22,45,65.75121163,21.35454545,653,47.8,24.2,28,25.4,2.287288136,36.08285386,43.24,0,0,1034.13242,5610.513675,425.0243338,6248.006585,1056.769571,144.9215926,-85.17843798,301.0991577,0,883.8917305,7.006891271,0,341.9793721,6479.583461,784.796049,0,0,1089.17,5909.14,447.65,6580.56,1113.02,152.64,-89.71,317.13,0,930.94,7.38,0,360.18,6824.46,826.57,1048.509554
750,Washington County,207,93.24,222,51.18434604,17.9,3016,38.8,35,26.2,23,2.287288136,21.72829582,59.62,0,28.07885942,525.1518236,5517.402977,414.5950464,4298.651751,874.7900962,152.3830802,0,437.6772679,0,771.4075199,6.84053382,0,106.0264224,5322.828912,326.9647878,0,28.89,540.38,5677.41,426.62,4423.31,900.16,156.8,0,450.37,0,793.78,7.04,0,109.1,5477.19,336.45,986
751,Wayne County,317,93.79,338,42.55588359,18.6,5202,27.8,39,33.2,32.8,1.5,33.41162398,42.81,0,10.12092657,362.4381065,6088.759641,326.0323145,2900.736674,759.1532141,206.188318,0,424.1147943,3.171856978,569.584654,11.43990388,0,114.4459093,6619.896386,481.0156228,0,11.02,394.68,6630.46,355.04,3158.81,826.69,224.53,0,461.85,3.45,620.26,12.46,0,124.63,7208.86,523.81,1072
752,Webster County,11,100,11,48.4962406,21.35454545,277,65.3,25.3,9.4,11.6,2.287288136,16.15846995,45.45,0,0,1619.874152,8051.791913,54.55956679,7492.199856,1035.097004,340.6326354,0,320.2090975,0,843.281444,2.603249097,0,351.2960289,8542.841155,622.0906498,0,0,1661.87,8260.54,55.97,7686.44,1061.93,349.46,0,328.51,0,865.14,2.67,0,360.4,8764.32,638.22,1048.509554
753,Wheeler County,61,85.92,71,55.24239008,21.35454545,944,41.3,40.3,18.4,18.6,3.3,33.92037303,53.45,0,0,909.936822,5918.704672,129.9730614,3065.648326,573.6935381,252.8332839,0,285.2556356,0,856.9998941,10.06341102,0,210.5583792,7639.461864,762.4758263,0,0,967.32,6291.96,138.17,3258.98,609.87,268.78,0,303.24,0,911.04,10.7,0,223.84,8121.23,810.56,1048.509554
754,White County,256,93.77,273,27.68528464,21.7,4001,47,37.6,15.4,15.4,2.2,25.00779423,55.77,0,9.435116221,317.755871,6609.626341,195.0230042,4651.146703,554.6728218,156.1110347,4.398900275,312.7085379,0,756.6164184,36.82500875,0,109.393909,5481.448138,501.0203099,0,10.09,339.75,7067.11,208.52,4973.07,593.06,166.92,4.7,334.35,0,808.99,39.37,0,116.97,5860.84,535.7,1106
755,Whitfield County,879,87.2,1008,25.89234665,20.4,13054,50.2,37.3,12.4,13.6,3.1,28.10362167,46.15,0,2.45574843,153.3194699,6461.179972,370.314859,2795.370212,485.9910242,210.3807952,0,410.3403531,0,772.3777363,5.800536234,0,92.90158955,6946.966294,502.9556864,0,2.52,157.07,6619.39,379.38,2863.82,497.89,215.53,0,420.39,0,791.29,5.94,0,95.18,7117.07,515.27,1050
756,Wilcox County,81,97.59,83,45.59859155,21.35454545,1193,46.1,35,18.9,17,2.287288136,18.77890724,43.9,0,14.05280805,488.0869237,5652.299799,178.7702263,2600.033806,778.8116094,93.00923722,0,332.8491534,0,730.9814837,28.49524728,0,226.4571668,6991.34451,334.4104526,0,14.62,507.66,5878.98,185.94,2704.31,810.05,96.74,0,346.2,0,760.3,29.64,0,235.54,7271.73,347.82,1060
757,Wilkes County,85,82.52,103,46.7791411,21.35454545,1375,45.4,39.1,15.5,15.6,4.3,31.67935657,35.37,0,0.970909091,413.7467491,5627.638524,370.5516,5258.918684,1085.599113,261.1340073,0,672.3691055,2.186181818,810.5265309,12.02023273,0,246.6578255,6012.426909,900.6846109,0,1.01,432.3,5879.94,387.16,5494.69,1134.27,272.84,0,702.51,2.28,846.86,12.56,0,257.72,6281.98,941.06,945
758,Wilkinson County,93,93.94,99,54.66908432,21.35454545,1171,82.2,14.7,3.1,3.8,2.287288136,42.94959552,34.41,0,366.2312639,497.1128779,4255.93544,468.0909308,5650.680606,1554.95854,127.4005551,17.37830914,297.0975406,0,1141.723219,8.649060632,0,220.5864304,5378.177626,699.2840393,0,383.59,520.68,4457.69,490.28,5918.56,1628.67,133.44,18.2,311.18,0,1195.85,9.06,0,231.04,5633.14,732.43,997
759,Worth County,162,85.71,189,49.09517426,21.35454545,3194,40,38.4,21.5,21.9,5.1,31.35041251,44.57,0,61.40431121,193.2046838,4772.702167,271.3522073,3160.306838,719.6376957,193.0339324,0,656.2967095,0,465.6129806,9.007946149,0,126.1872949,6059.564809,687.7736756,0,65.24,205.29,5071.19,288.32,3357.96,764.64,205.11,0,697.34,0,494.73,9.57,0,134.08,6438.54,730.79,1023
,,,,,,21.35454545,,,,,,2.287288136,,,,,,,,,,,,,,,,,,,,,,,,,,,,,,,,,,,,,
