,0
0,"[[4.36342857e+02 8.96810286e+01 4.84091429e+02 7.14164571e+03
  5.97857143e+01 3.27857143e+01 7.42971429e+00 7.77142857e+00
  4.36405714e+02 9.85060637e+04 1.66050214e+06 4.35446067e+07
  2.95652452e+06 5.74486566e+06 1.08224588e+06 2.64756813e+06
  4.58971182e+04 4.73063426e+06 5.28749931e+04 3.57152677e+06
  1.21057143e+01 4.60538743e+02 6.56070034e+03 4.21424114e+02
  9.79266857e+02 1.81252343e+02 4.36885257e+02 1.10166857e+01
  7.69157657e+02 1.16081714e+01 6.21563829e+02 9.57365714e+02]
 [7.01080000e+03 8.47200000e+01 8.19900000e+03 1.15630400e+05
  6.15200000e+01 2.99800000e+01 8.48000000e+00 9.78000000e+00
  6.99640000e+03 1.93051532e+05 2.34044917e+07 7.89294117e+08
  6.25438868e+07 9.98678718e+07 1.54223237e+07 5.57588507e+07
  6.58695580e+04 8.02015650e+07 2.78132814e+05 6.29975373e+07
  3.74000000e+00 2.29222000e+02 7.72498800e+03 6.33452000e+02
  1.03197200e+03 1.40362000e+02 5.87504000e+02 6.22000000e-01
  7.27156000e+02 2.34000000e+00 5.78986000e+02 1.02420000e+03]]"
1,"[[2.65949686e+02 8.97261006e+01 2.92496855e+02 4.38174214e+03
  5.98767296e+01 3.27452830e+01 7.37861635e+00 7.70314465e+00
  2.65559748e+02 2.77574337e+04 1.30816444e+06 2.69876144e+07
  1.72246005e+06 3.72894587e+06 7.15501735e+05 1.74875911e+06
  4.06629710e+04 2.98065319e+06 4.04634158e+04 2.35237242e+06
  1.14155975e+01 4.90584591e+02 6.56679736e+03 4.15602390e+02
  9.96588176e+02 1.84015346e+02 4.43006541e+02 1.18967296e+01
  7.76030314e+02 1.22560377e+01 6.35129874e+02 9.50603774e+02]
 [7.01080000e+03 8.47200000e+01 8.19900000e+03 1.15630400e+05
  6.15200000e+01 2.99800000e+01 8.48000000e+00 9.78000000e+00
  6.99640000e+03 1.93051532e+05 2.34044917e+07 7.89294117e+08
  6.25438868e+07 9.98678718e+07 1.54223237e+07 5.57588507e+07
  6.58695580e+04 8.02015650e+07 2.78132814e+05 6.29975373e+07
  3.74000000e+00 2.29222000e+02 7.72498800e+03 6.33452000e+02
  1.03197200e+03 1.40362000e+02 5.87504000e+02 6.22000000e-01
  7.27156000e+02 2.34000000e+00 5.78986000e+02 1.02420000e+03]
 [2.12962500e+03 8.92331250e+01 2.38806250e+03 3.45681875e+04
  5.88812500e+01 3.31875000e+01 7.93750000e+00 8.45000000e+00
  2.13418750e+03 8.01570574e+05 5.16185804e+06 2.08079718e+08
  1.52200401e+07 2.57780685e+07 4.72676578e+06 1.15794828e+07
  9.79114556e+04 2.21210711e+07 1.76215043e+05 1.56868731e+07
  1.89637500e+01 1.61958125e+02 6.50011125e+03 4.79277500e+02
  8.07136250e+02 1.53795000e+02 3.76055000e+02 2.27125000e+00
  7.00860625e+02 5.17000000e+00 4.86751250e+02 1.02456250e+03]]"
2,"[[2.65949686e+02 8.97261006e+01 2.92496855e+02 4.38174214e+03
  5.98767296e+01 3.27452830e+01 7.37861635e+00 7.70314465e+00
  2.65559748e+02 2.77574337e+04 1.30816444e+06 2.69876144e+07
  1.72246005e+06 3.72894587e+06 7.15501735e+05 1.74875911e+06
  4.06629710e+04 2.98065319e+06 4.04634158e+04 2.35237242e+06
  1.14155975e+01 4.90584591e+02 6.56679736e+03 4.15602390e+02
  9.96588176e+02 1.84015346e+02 4.43006541e+02 1.18967296e+01
  7.76030314e+02 1.22560377e+01 6.35129874e+02 9.50603774e+02]
 [5.72450000e+03 8.44075000e+01 6.71375000e+03 9.57552500e+04
  5.97750000e+01 3.10500000e+01 9.17500000e+00 1.06250000e+01
  5.73975000e+03 2.41314415e+05 2.04922701e+07 7.01230358e+08
  5.30169156e+07 9.23284616e+07 1.32703201e+07 5.55491880e+07
  6.93687000e+04 6.29160638e+07 2.22647862e+05 5.02812316e+07
  4.67500000e+00 2.39687500e+02 8.13087500e+03 6.57322500e+02
  1.11622250e+03 1.43342500e+02 6.58752500e+02 7.07500000e-01
  7.09390000e+02 2.25750000e+00 5.71587500e+02 1.01100000e+03]
 [2.12962500e+03 8.92331250e+01 2.38806250e+03 3.45681875e+04
  5.88812500e+01 3.31875000e+01 7.93750000e+00 8.45000000e+00
  2.13418750e+03 8.01570574e+05 5.16185804e+06 2.08079718e+08
  1.52200401e+07 2.57780685e+07 4.72676578e+06 1.15794828e+07
  9.79114556e+04 2.21210711e+07 1.76215043e+05 1.56868731e+07
  1.89637500e+01 1.61958125e+02 6.50011125e+03 4.79277500e+02
  8.07136250e+02 1.53795000e+02 3.76055000e+02 2.27125000e+00
  7.00860625e+02 5.17000000e+00 4.86751250e+02 1.02456250e+03]
 [1.21560000e+04 8.59700000e+01 1.41400000e+04 1.95131000e+05
  6.85000000e+01 2.57000000e+01 5.70000000e+00 6.40000000e+00
  1.20230000e+04 0.00000000e+00 3.50533783e+07 1.14154916e+09
  1.00651772e+08 1.30025513e+08 2.40303381e+07 5.65975015e+07
  5.18729900e+04 1.49343570e+08 5.00072620e+05 1.13862760e+08
  0.00000000e+00 1.87360000e+02 6.10144000e+03 5.37970000e+02
  6.94970000e+02 1.28440000e+02 3.02510000e+02 2.80000000e-01
  7.98220000e+02 2.67000000e+00 6.08580000e+02 1.07700000e+03]]"
3,"[[1.83759398e+02 8.95460150e+01 2.01142857e+02 2.96532331e+03
  5.97541353e+01 3.28390977e+01 7.40526316e+00 7.64887218e+00
  1.83774436e+02 2.77751330e+04 1.06266343e+06 1.80542990e+07
  1.04497922e+06 2.56899642e+06 4.91887050e+05 1.19483770e+06
  4.18285786e+04 2.01403104e+06 3.50359311e+04 1.64471672e+06
  1.32533835e+01 5.41331504e+02 6.55038383e+03 4.05352556e+02
  1.01858301e+03 1.86698722e+02 4.47870301e+02 1.36912782e+01
  7.86830977e+02 1.34000752e+01 6.52765414e+02 9.35759398e+02]
 [5.72450000e+03 8.44075000e+01 6.71375000e+03 9.57552500e+04
  5.97750000e+01 3.10500000e+01 9.17500000e+00 1.06250000e+01
  5.73975000e+03 2.41314415e+05 2.04922701e+07 7.01230358e+08
  5.30169156e+07 9.23284616e+07 1.32703201e+07 5.55491880e+07
  6.93687000e+04 6.29160638e+07 2.22647862e+05 5.02812316e+07
  4.67500000e+00 2.39687500e+02 8.13087500e+03 6.57322500e+02
  1.11622250e+03 1.43342500e+02 6.58752500e+02 7.07500000e-01
  7.09390000e+02 2.25750000e+00 5.71587500e+02 1.01100000e+03]
 [2.36091667e+03 8.93875000e+01 2.64658333e+03 3.86812500e+04
  5.84833333e+01 3.34750000e+01 8.05000000e+00 8.57500000e+00
  2.36683333e+03 1.01876077e+06 5.73746023e+06 2.31502594e+08
  1.64388971e+07 2.85034732e+07 5.15322722e+06 1.22015319e+07
  1.28808024e+05 2.42422524e+07 1.96864216e+05 1.76127464e+07
  2.29083333e+01 1.60710000e+02 6.45637833e+03 4.51330833e+02
  7.93668333e+02 1.49821667e+02 3.45060833e+02 2.94583333e+00
  6.82495000e+02 5.05833333e+00 4.89517500e+02 1.02733333e+03]
 [7.86300000e+02 9.03970000e+01 8.73500000e+02 1.30408333e+04
  6.04466667e+01 3.22733333e+01 7.29000000e+00 7.99333333e+00
  7.84233333e+02 4.39779757e+04 2.68013719e+06 8.13684426e+07
  6.03809294e+06 1.07211096e+07 2.07111080e+06 5.26642088e+06
  3.07699477e+04 8.96959459e+06 7.43658127e+04 6.49723013e+06
  2.69666667e+00 2.22289000e+02 6.64816567e+03 4.80712000e+02
  8.79204667e+02 1.69679000e+02 4.24914667e+02 2.38766667e+00
  7.25471000e+02 6.28400000e+00 5.36055333e+02 1.02516667e+03]
 [1.21560000e+04 8.59700000e+01 1.41400000e+04 1.95131000e+05
  6.85000000e+01 2.57000000e+01 5.70000000e+00 6.40000000e+00
  1.20230000e+04 0.00000000e+00 3.50533783e+07 1.14154916e+09
  1.00651772e+08 1.30025513e+08 2.40303381e+07 5.65975015e+07
  5.18729900e+04 1.49343570e+08 5.00072620e+05 1.13862760e+08
  0.00000000e+00 1.87360000e+02 6.10144000e+03 5.37970000e+02
  6.94970000e+02 1.28440000e+02 3.02510000e+02 2.80000000e-01
  7.98220000e+02 2.67000000e+00 6.08580000e+02 1.07700000e+03]]"
4,"[[1.69301587e+02 8.94688095e+01 1.85047619e+02 2.69814286e+03
  5.96515873e+01 3.29793651e+01 7.36825397e+00 7.61428571e+00
  1.69531746e+02 2.64533575e+04 1.02465159e+06 1.64606817e+07
  9.60519461e+05 2.34390946e+06 4.50353607e+05 1.08959046e+06
  1.77106200e+04 1.83297164e+06 2.68676662e+04 1.53309315e+06
  1.34919048e+01 5.58115635e+02 6.55967825e+03 4.08276825e+02
  1.02509611e+03 1.87558095e+02 4.48766111e+02 1.09305556e+01
  7.90439444e+02 1.25064286e+01 6.61022698e+02 9.31055556e+02]
 [5.72450000e+03 8.44075000e+01 6.71375000e+03 9.57552500e+04
  5.97750000e+01 3.10500000e+01 9.17500000e+00 1.06250000e+01
  5.73975000e+03 2.41314415e+05 2.04922701e+07 7.01230358e+08
  5.30169156e+07 9.23284616e+07 1.32703201e+07 5.55491880e+07
  6.93687000e+04 6.29160638e+07 2.22647862e+05 5.02812316e+07
  4.67500000e+00 2.39687500e+02 8.13087500e+03 6.57322500e+02
  1.11622250e+03 1.43342500e+02 6.58752500e+02 7.07500000e-01
  7.09390000e+02 2.25750000e+00 5.71587500e+02 1.01100000e+03]
 [2.95160000e+03 8.93780000e+01 3.31140000e+03 4.89736000e+04
  6.05800000e+01 3.19000000e+01 7.52000000e+00 8.22000000e+00
  2.96960000e+03 2.43296533e+06 7.56325807e+06 2.94307207e+08
  2.10274676e+07 3.65006593e+07 5.62730659e+06 1.49769748e+07
  3.09139258e+05 2.95681530e+07 3.06704244e+05 2.34467662e+07
  5.45920000e+01 1.72266000e+02 6.50979600e+03 4.49606000e+02
  8.13522000e+02 1.27326000e+02 3.37060000e+02 7.07000000e+00
  6.54618000e+02 6.39600000e+00 5.28828000e+02 1.03180000e+03]
 [1.75600000e+03 8.91672727e+01 1.96836364e+03 2.80202727e+04
  5.81090909e+01 3.37727273e+01 8.12727273e+00 8.55454545e+00
  1.75445455e+03 6.00275018e+04 4.07031257e+06 1.68885405e+08
  1.25803003e+07 2.09041636e+07 4.31742905e+06 1.00351683e+07
  1.89881818e+03 1.87360339e+07 1.16901770e+05 1.21596489e+07
  2.76909091e+00 1.57272727e+02 6.49570909e+03 4.92764545e+02
  8.04233636e+02 1.65826364e+02 3.93780000e+02 9.00000000e-02
  7.21880000e+02 4.61272727e+00 4.67625455e+02 1.02127273e+03]
 [1.21560000e+04 8.59700000e+01 1.41400000e+04 1.95131000e+05
  6.85000000e+01 2.57000000e+01 5.70000000e+00 6.40000000e+00
  1.20230000e+04 0.00000000e+00 3.50533783e+07 1.14154916e+09
  1.00651772e+08 1.30025513e+08 2.40303381e+07 5.65975015e+07
  5.18729900e+04 1.49343570e+08 5.00072620e+05 1.13862760e+08
  0.00000000e+00 1.87360000e+02 6.10144000e+03 5.37970000e+02
  6.94970000e+02 1.28440000e+02 3.02510000e+02 2.80000000e-01
  7.98220000e+02 2.67000000e+00 6.08580000e+02 1.07700000e+03]
 [6.34969697e+02 9.07084848e+01 7.02757576e+02 1.08100303e+04
  6.07363636e+01 3.18515152e+01 7.41818182e+00 8.04242424e+00
  6.32212121e+02 3.27366339e+04 2.39066805e+06 6.71813574e+07
  4.63168777e+06 9.01726672e+06 1.72788550e+06 4.26558487e+06
  1.28299220e+05 7.36271003e+06 9.23744597e+04 5.48052965e+06
  3.48787879e+00 2.32738788e+02 6.59397939e+03 4.43572727e+02
  8.87739697e+02 1.70488485e+02 4.21015455e+02 1.55857576e+01
  7.21013636e+02 1.13000000e+01 5.36266364e+02 1.02524242e+03]]"
5,"[[1.69301587e+02 8.94688095e+01 1.85047619e+02 2.69814286e+03
  5.96515873e+01 3.29793651e+01 7.36825397e+00 7.61428571e+00
  1.69531746e+02 2.64533575e+04 1.02465159e+06 1.64606817e+07
  9.60519461e+05 2.34390946e+06 4.50353607e+05 1.08959046e+06
  1.77106200e+04 1.83297164e+06 2.68676662e+04 1.53309315e+06
  1.34919048e+01 5.58115635e+02 6.55967825e+03 4.08276825e+02
  1.02509611e+03 1.87558095e+02 4.48766111e+02 1.09305556e+01
  7.90439444e+02 1.25064286e+01 6.61022698e+02 9.31055556e+02]
 [6.75633333e+03 8.51333333e+01 7.88600000e+03 1.08653667e+05
  6.20666667e+01 3.01000000e+01 7.83333333e+00 9.16666667e+00
  6.79400000e+03 1.45519152e-11 2.19119974e+07 7.56017655e+08
  5.28058868e+07 9.42323912e+07 1.57712889e+07 5.93625681e+07
  9.24916000e+04 7.05426678e+07 2.72123493e+05 5.61014954e+07
  1.77635684e-15 2.14760000e+02 7.37436667e+03 5.29986667e+02
  9.28973333e+02 1.53880000e+02 5.93503333e+02 9.43333333e-01
  6.87320000e+02 2.53000000e+00 5.50180000e+02 1.02500000e+03]
 [1.75600000e+03 8.91672727e+01 1.96836364e+03 2.80202727e+04
  5.81090909e+01 3.37727273e+01 8.12727273e+00 8.55454545e+00
  1.75445455e+03 6.00275018e+04 4.07031257e+06 1.68885405e+08
  1.25803003e+07 2.09041636e+07 4.31742905e+06 1.00351683e+07
  1.89881818e+03 1.87360339e+07 1.16901770e+05 1.21596489e+07
  2.76909091e+00 1.57272727e+02 6.49570909e+03 4.92764545e+02
  8.04233636e+02 1.65826364e+02 3.93780000e+02 9.00000000e-02
  7.21880000e+02 4.61272727e+00 4.67625455e+02 1.02127273e+03]
 [1.21560000e+04 8.59700000e+01 1.41400000e+04 1.95131000e+05
  6.85000000e+01 2.57000000e+01 5.70000000e+00 6.40000000e+00
  1.20230000e+04 0.00000000e+00 3.50533783e+07 1.14154916e+09
  1.00651772e+08 1.30025513e+08 2.40303381e+07 5.65975015e+07
  5.18729900e+04 1.49343570e+08 5.00072620e+05 1.13862760e+08
  0.00000000e+00 1.87360000e+02 6.10144000e+03 5.37970000e+02
  6.94970000e+02 1.28440000e+02 3.02510000e+02 2.80000000e-01
  7.98220000e+02 2.67000000e+00 6.08580000e+02 1.07700000e+03]
 [2.95160000e+03 8.93780000e+01 3.31140000e+03 4.89736000e+04
  6.05800000e+01 3.19000000e+01 7.52000000e+00 8.22000000e+00
  2.96960000e+03 2.43296533e+06 7.56325807e+06 2.94307207e+08
  2.10274676e+07 3.65006593e+07 5.62730659e+06 1.49769748e+07
  3.09139258e+05 2.95681530e+07 3.06704244e+05 2.34467662e+07
  5.45920000e+01 1.72266000e+02 6.50979600e+03 4.49606000e+02
  8.13522000e+02 1.27326000e+02 3.37060000e+02 7.07000000e+00
  6.54618000e+02 6.39600000e+00 5.28828000e+02 1.03180000e+03]
 [2.62900000e+03 8.22300000e+01 3.19700000e+03 5.70600000e+04
  5.29000000e+01 3.39000000e+01 1.32000000e+01 1.50000000e+01
  2.57700000e+03 9.65257660e+05 1.62330881e+07 5.36868464e+08
  5.36500020e+07 8.66166726e+07 5.76741371e+06 4.41090478e+07
  0.00000000e+00 4.00362518e+07 7.42209700e+04 3.28204403e+07
  1.87000000e+01 3.14470000e+02 1.04004000e+04 1.03933000e+03
  1.67797000e+03 1.11730000e+02 8.54500000e+02 0.00000000e+00
  7.75600000e+02 1.44000000e+00 6.35810000e+02 9.69000000e+02]
 [6.34969697e+02 9.07084848e+01 7.02757576e+02 1.08100303e+04
  6.07363636e+01 3.18515152e+01 7.41818182e+00 8.04242424e+00
  6.32212121e+02 3.27366339e+04 2.39066805e+06 6.71813574e+07
  4.63168777e+06 9.01726672e+06 1.72788550e+06 4.26558487e+06
  1.28299220e+05 7.36271003e+06 9.23744597e+04 5.48052965e+06
  3.48787879e+00 2.32738788e+02 6.59397939e+03 4.43572727e+02
  8.87739697e+02 1.70488485e+02 4.21015455e+02 1.55857576e+01
  7.21013636e+02 1.13000000e+01 5.36266364e+02 1.02524242e+03]]"
6,"[[ 8.89571429e+02  8.86492857e+01  1.00792857e+03  1.51932143e+04
   5.84571429e+01  3.34428571e+01  8.12142857e+00  9.00714286e+00
   8.86785714e+02  9.36532221e+04  3.33393570e+06  9.31819725e+07
   7.42894095e+06  1.26728112e+07  2.42692436e+06  6.04184678e+06
   6.05658314e+04  1.05113683e+07  8.07770600e+04  7.70968962e+06
   5.70571429e+00  2.34688571e+02  6.58599571e+03  5.05967857e+02
   8.92387143e+02  1.70392143e+02  4.29871429e+02  4.61071429e+00
   7.36985714e+02  5.65857143e+00  5.46854286e+02  9.99857143e+02]
 [ 6.75633333e+03  8.51333333e+01  7.88600000e+03  1.08653667e+05
   6.20666667e+01  3.01000000e+01  7.83333333e+00  9.16666667e+00
   6.79400000e+03  1.45519152e-11  2.19119974e+07  7.56017655e+08
   5.28058868e+07  9.42323912e+07  1.57712889e+07  5.93625681e+07
   9.24916000e+04  7.05426678e+07  2.72123493e+05  5.61014954e+07
   1.77635684e-15  2.14760000e+02  7.37436667e+03  5.29986667e+02
   9.28973333e+02  1.53880000e+02  5.93503333e+02  9.43333333e-01
   6.87320000e+02  2.53000000e+00  5.50180000e+02  1.02500000e+03]
 [ 1.48807018e+02  8.90703509e+01  1.63412281e+02  2.36351754e+03
   5.94385965e+01  3.31377193e+01  7.42192982e+00  7.62631579e+00
   1.49201754e+02  2.85301382e+04  9.43478108e+05  1.43325126e+07
   8.63226267e+05  2.08123232e+06  3.97593330e+05  9.49052331e+05
   1.53920232e+04  1.61978953e+06  2.56450291e+04  1.35161585e+06
   1.47996491e+01  5.81257368e+02  6.55487974e+03  4.15833246e+02
   1.04122965e+03  1.89373509e+02  4.49847544e+02  1.14100000e+01
   7.99989912e+02  1.30929825e+01  6.67339912e+02  9.21508772e+02]
 [ 1.86388889e+03  9.03044444e+01  2.06966667e+03  2.93377778e+04
   5.81888889e+01  3.38555556e+01  7.95555556e+00  8.17777778e+00
   1.86144444e+03  6.70028000e+03  4.01531256e+06  1.78440467e+08
   1.23170649e+07  2.14336182e+07  4.49723174e+06  1.03738624e+07
  -7.27595761e-12  1.94715152e+07  1.15832053e+05  1.25864686e+07
   2.15555556e-01  1.45196667e+02  6.54412444e+03  4.50826667e+02
   7.78471111e+02  1.64188889e+02  3.86673333e+02  0.00000000e+00
   7.12252222e+02  4.29555556e+00  4.57351111e+02  1.03811111e+03]
 [ 1.21560000e+04  8.59700000e+01  1.41400000e+04  1.95131000e+05
   6.85000000e+01  2.57000000e+01  5.70000000e+00  6.40000000e+00
   1.20230000e+04  0.00000000e+00  3.50533783e+07  1.14154916e+09
   1.00651772e+08  1.30025513e+08  2.40303381e+07  5.65975015e+07
   5.18729900e+04  1.49343570e+08  5.00072620e+05  1.13862760e+08
   0.00000000e+00  1.87360000e+02  6.10144000e+03  5.37970000e+02
   6.94970000e+02  1.28440000e+02  3.02510000e+02  2.80000000e-01
   7.98220000e+02  2.67000000e+00  6.08580000e+02  1.07700000e+03]
 [ 2.62900000e+03  8.22300000e+01  3.19700000e+03  5.70600000e+04
   5.29000000e+01  3.39000000e+01  1.32000000e+01  1.50000000e+01
   2.57700000e+03  9.65257660e+05  1.62330881e+07  5.36868464e+08
   5.36500020e+07  8.66166726e+07  5.76741371e+06  4.41090478e+07
   0.00000000e+00  4.00362518e+07  7.42209700e+04  3.28204403e+07
   1.87000000e+01  3.14470000e+02  1.04004000e+04  1.03933000e+03
   1.67797000e+03  1.11730000e+02  8.54500000e+02  0.00000000e+00
   7.75600000e+02  1.44000000e+00  6.35810000e+02  9.69000000e+02]
 [ 2.95160000e+03  8.93780000e+01  3.31140000e+03  4.89736000e+04
   6.05800000e+01  3.19000000e+01  7.52000000e+00  8.22000000e+00
   2.96960000e+03  2.43296533e+06  7.56325807e+06  2.94307207e+08
   2.10274676e+07  3.65006593e+07  5.62730659e+06  1.49769748e+07
   3.09139258e+05  2.95681530e+07  3.06704244e+05  2.34467662e+07
   5.45920000e+01  1.72266000e+02  6.50979600e+03  4.49606000e+02
   8.13522000e+02  1.27326000e+02  3.37060000e+02  7.07000000e+00
   6.54618000e+02  6.39600000e+00  5.28828000e+02  1.03180000e+03]
 [ 4.66939394e+02  9.21042424e+01  5.08848485e+02  7.84042424e+03
   6.18636364e+01  3.11333333e+01  7.00606061e+00  7.56969697e+00
   4.65030303e+02  1.36318512e+04  1.89097478e+06  4.86167237e+07
   2.99963333e+06  6.52320572e+06  1.25693421e+06  3.09990810e+06
   1.17687488e+05  5.24125550e+06  7.94758164e+04  4.01470528e+06
   2.32000000e+00  2.69006061e+02  6.58231000e+03  3.92582121e+02
   8.81946970e+02  1.70629091e+02  4.23901212e+02  1.59781818e+01
   7.09169091e+02  1.17869697e+01  5.53959394e+02  1.02990909e+03]]"
7,"[[ 2.95160000e+03  8.93780000e+01  3.31140000e+03  4.89736000e+04
   6.05800000e+01  3.19000000e+01  7.52000000e+00  8.22000000e+00
   2.96960000e+03  2.43296533e+06  7.56325807e+06  2.94307207e+08
   2.10274676e+07  3.65006593e+07  5.62730659e+06  1.49769748e+07
   3.09139258e+05  2.95681530e+07  3.06704244e+05  2.34467662e+07
   5.45920000e+01  1.72266000e+02  6.50979600e+03  4.49606000e+02
   8.13522000e+02  1.27326000e+02  3.37060000e+02  7.07000000e+00
   6.54618000e+02  6.39600000e+00  5.28828000e+02  1.03180000e+03]
 [ 1.48807018e+02  8.90703509e+01  1.63412281e+02  2.36351754e+03
   5.94385965e+01  3.31377193e+01  7.42192982e+00  7.62631579e+00
   1.49201754e+02  2.85301382e+04  9.43478108e+05  1.43325126e+07
   8.63226267e+05  2.08123232e+06  3.97593330e+05  9.49052331e+05
   1.53920232e+04  1.61978953e+06  2.56450291e+04  1.35161585e+06
   1.47996491e+01  5.81257368e+02  6.55487974e+03  4.15833246e+02
   1.04122965e+03  1.89373509e+02  4.49847544e+02  1.14100000e+01
   7.99989912e+02  1.30929825e+01  6.67339912e+02  9.21508772e+02]
 [ 6.74200000e+03  8.71400000e+01  7.73700000e+03  9.95810000e+04
   6.21000000e+01  3.06000000e+01  7.30000000e+00  8.90000000e+00
   6.64000000e+03  0.00000000e+00  1.86462191e+07  6.79941359e+08
   8.10220868e+07  8.70513960e+07  1.53666266e+07  6.64590413e+07
   1.22791310e+05  6.02850892e+07  1.11322500e+04  5.36922598e+07
   0.00000000e+00  1.99280000e+02  7.26689000e+03  8.65930000e+02
   9.30360000e+02  1.64230000e+02  7.10280000e+02  1.31000000e+00
   6.44300000e+02  1.20000000e-01  5.73840000e+02  1.03300000e+03]
 [ 1.21560000e+04  8.59700000e+01  1.41400000e+04  1.95131000e+05
   6.85000000e+01  2.57000000e+01  5.70000000e+00  6.40000000e+00
   1.20230000e+04  0.00000000e+00  3.50533783e+07  1.14154916e+09
   1.00651772e+08  1.30025513e+08  2.40303381e+07  5.65975015e+07
   5.18729900e+04  1.49343570e+08  5.00072620e+05  1.13862760e+08
   0.00000000e+00  1.87360000e+02  6.10144000e+03  5.37970000e+02
   6.94970000e+02  1.28440000e+02  3.02510000e+02  2.80000000e-01
   7.98220000e+02  2.67000000e+00  6.08580000e+02  1.07700000e+03]
 [ 8.89571429e+02  8.86492857e+01  1.00792857e+03  1.51932143e+04
   5.84571429e+01  3.34428571e+01  8.12142857e+00  9.00714286e+00
   8.86785714e+02  9.36532221e+04  3.33393570e+06  9.31819725e+07
   7.42894095e+06  1.26728112e+07  2.42692436e+06  6.04184678e+06
   6.05658314e+04  1.05113683e+07  8.07770600e+04  7.70968962e+06
   5.70571429e+00  2.34688571e+02  6.58599571e+03  5.05967857e+02
   8.92387143e+02  1.70392143e+02  4.29871429e+02  4.61071429e+00
   7.36985714e+02  5.65857143e+00  5.46854286e+02  9.99857143e+02]
 [ 1.86388889e+03  9.03044444e+01  2.06966667e+03  2.93377778e+04
   5.81888889e+01  3.38555556e+01  7.95555556e+00  8.17777778e+00
   1.86144444e+03  6.70028000e+03  4.01531256e+06  1.78440467e+08
   1.23170649e+07  2.14336182e+07  4.49723174e+06  1.03738624e+07
  -7.27595761e-12  1.94715152e+07  1.15832053e+05  1.25864686e+07
   2.15555556e-01  1.45196667e+02  6.54412444e+03  4.50826667e+02
   7.78471111e+02  1.64188889e+02  3.86673333e+02  0.00000000e+00
   7.12252222e+02  4.29555556e+00  4.57351111e+02  1.03811111e+03]
 [ 6.76350000e+03  8.41300000e+01  7.96050000e+03  1.13190000e+05
   6.20500000e+01  2.98500000e+01  8.10000000e+00  9.30000000e+00
   6.87100000e+03  0.00000000e+00  2.35448866e+07  7.94055804e+08
   3.86977868e+07  9.78228888e+07  1.59736201e+07  5.58143314e+07
   7.73417450e+04  7.56714571e+07  4.02619115e+05  5.73061132e+07
   0.00000000e+00  2.22500000e+02  7.42810500e+03  3.62015000e+02
   9.28280000e+02  1.48705000e+02  5.35115000e+02  7.60000000e-01
   7.08830000e+02  3.73500000e+00  5.38350000e+02  1.02100000e+03]
 [ 2.62900000e+03  8.22300000e+01  3.19700000e+03  5.70600000e+04
   5.29000000e+01  3.39000000e+01  1.32000000e+01  1.50000000e+01
   2.57700000e+03  9.65257660e+05  1.62330881e+07  5.36868464e+08
   5.36500020e+07  8.66166726e+07  5.76741371e+06  4.41090478e+07
   0.00000000e+00  4.00362518e+07  7.42209700e+04  3.28204403e+07
   1.87000000e+01  3.14470000e+02  1.04004000e+04  1.03933000e+03
   1.67797000e+03  1.11730000e+02  8.54500000e+02  0.00000000e+00
   7.75600000e+02  1.44000000e+00  6.35810000e+02  9.69000000e+02]
 [ 4.66939394e+02  9.21042424e+01  5.08848485e+02  7.84042424e+03
   6.18636364e+01  3.11333333e+01  7.00606061e+00  7.56969697e+00
   4.65030303e+02  1.36318512e+04  1.89097478e+06  4.86167237e+07
   2.99963333e+06  6.52320572e+06  1.25693421e+06  3.09990810e+06
   1.17687488e+05  5.24125550e+06  7.94758164e+04  4.01470528e+06
   2.32000000e+00  2.69006061e+02  6.58231000e+03  3.92582121e+02
   8.81946970e+02  1.70629091e+02  4.23901212e+02  1.59781818e+01
   7.09169091e+02  1.17869697e+01  5.53959394e+02  1.02990909e+03]]"
8,"[[ 2.71693878e+02  9.24463265e+01  2.93795918e+02  4.36697959e+03
   5.88224490e+01  3.35775510e+01  7.59387755e+00  7.92448980e+00
   2.71816327e+02  1.90482145e+04  1.35671112e+06  2.69686363e+07
   1.59263620e+06  3.57342934e+06  7.11006700e+05  1.72109942e+06
   2.69161841e+04  2.82915676e+06  3.75721373e+04  2.43577427e+06
   4.75775510e+00  3.34586327e+02  6.51918653e+03  3.88577143e+02
   8.62862653e+02  1.72776939e+02  4.14239184e+02  6.68857143e+00
   6.83776531e+02  9.24979592e+00  5.96781633e+02  1.00975510e+03]
 [ 2.62900000e+03  8.22300000e+01  3.19700000e+03  5.70600000e+04
   5.29000000e+01  3.39000000e+01  1.32000000e+01  1.50000000e+01
   2.57700000e+03  9.65257660e+05  1.62330881e+07  5.36868464e+08
   5.36500020e+07  8.66166726e+07  5.76741371e+06  4.41090478e+07
   0.00000000e+00  4.00362518e+07  7.42209700e+04  3.28204403e+07
   1.87000000e+01  3.14470000e+02  1.04004000e+04  1.03933000e+03
   1.67797000e+03  1.11730000e+02  8.54500000e+02  0.00000000e+00
   7.75600000e+02  1.44000000e+00  6.35810000e+02  9.69000000e+02]
 [ 1.21560000e+04  8.59700000e+01  1.41400000e+04  1.95131000e+05
   6.85000000e+01  2.57000000e+01  5.70000000e+00  6.40000000e+00
   1.20230000e+04  0.00000000e+00  3.50533783e+07  1.14154916e+09
   1.00651772e+08  1.30025513e+08  2.40303381e+07  5.65975015e+07
   5.18729900e+04  1.49343570e+08  5.00072620e+05  1.13862760e+08
   0.00000000e+00  1.87360000e+02  6.10144000e+03  5.37970000e+02
   6.94970000e+02  1.28440000e+02  3.02510000e+02  2.80000000e-01
   7.98220000e+02  2.67000000e+00  6.08580000e+02  1.07700000e+03]
 [ 1.86388889e+03  9.03044444e+01  2.06966667e+03  2.93377778e+04
   5.81888889e+01  3.38555556e+01  7.95555556e+00  8.17777778e+00
   1.86144444e+03  6.70028000e+03  4.01531256e+06  1.78440467e+08
   1.23170649e+07  2.14336182e+07  4.49723174e+06  1.03738624e+07
  -7.27595761e-12  1.94715152e+07  1.15832053e+05  1.25864686e+07
   2.15555556e-01  1.45196667e+02  6.54412444e+03  4.50826667e+02
   7.78471111e+02  1.64188889e+02  3.86673333e+02  0.00000000e+00
   7.12252222e+02  4.29555556e+00  4.57351111e+02  1.03811111e+03]
 [ 1.04142857e+02  8.75740260e+01  1.15844156e+02  1.63615584e+03
   6.01792208e+01  3.25987013e+01  7.22467532e+00  7.41688312e+00
   1.04441558e+02  3.11657212e+04  8.13340989e+05  9.77380153e+06
   5.58263356e+05  1.56148772e+06  2.84483457e+05  6.87721121e+05
   1.18525338e+04  1.19903566e+06  2.00557300e+04  9.58659709e+05
   1.90500000e+01  7.00361558e+02  6.58544571e+03  4.20812987e+02
   1.12833558e+03  1.96964286e+02  4.70737792e+02  1.36300000e+01
   8.58315844e+02  1.45788312e+01  7.01903377e+02  8.80974026e+02]
 [ 6.76350000e+03  8.41300000e+01  7.96050000e+03  1.13190000e+05
   6.20500000e+01  2.98500000e+01  8.10000000e+00  9.30000000e+00
   6.87100000e+03  0.00000000e+00  2.35448866e+07  7.94055804e+08
   3.86977868e+07  9.78228888e+07  1.59736201e+07  5.58143314e+07
   7.73417450e+04  7.56714571e+07  4.02619115e+05  5.73061132e+07
   0.00000000e+00  2.22500000e+02  7.42810500e+03  3.62015000e+02
   9.28280000e+02  1.48705000e+02  5.35115000e+02  7.60000000e-01
   7.08830000e+02  3.73500000e+00  5.38350000e+02  1.02100000e+03]
 [ 9.27818182e+02  8.85181818e+01  1.05354545e+03  1.60085455e+04
   5.81454545e+01  3.34727273e+01  8.40000000e+00  9.36363636e+00
   9.24636364e+02  1.19195010e+05  3.35804957e+06  9.82418693e+07
   8.17911559e+06  1.34551499e+07  2.54309434e+06  5.80472913e+06
   4.74030709e+04  1.10608307e+07  8.43555582e+04  7.93387102e+06
   7.26181818e+00  2.22760909e+02  6.60904455e+03  5.34560909e+02
   9.02687273e+02  1.69511818e+02  3.85109091e+02  3.47181818e+00
   7.36073636e+02  5.59909091e+00  5.33035455e+02  9.89090909e+02]
 [ 2.95160000e+03  8.93780000e+01  3.31140000e+03  4.89736000e+04
   6.05800000e+01  3.19000000e+01  7.52000000e+00  8.22000000e+00
   2.96960000e+03  2.43296533e+06  7.56325807e+06  2.94307207e+08
   2.10274676e+07  3.65006593e+07  5.62730659e+06  1.49769748e+07
   3.09139258e+05  2.95681530e+07  3.06704244e+05  2.34467662e+07
   5.45920000e+01  1.72266000e+02  6.50979600e+03  4.49606000e+02
   8.13522000e+02  1.27326000e+02  3.37060000e+02  7.07000000e+00
   6.54618000e+02  6.39600000e+00  5.28828000e+02  1.03180000e+03]
 [ 6.74200000e+03  8.71400000e+01  7.73700000e+03  9.95810000e+04
   6.21000000e+01  3.06000000e+01  7.30000000e+00  8.90000000e+00
   6.64000000e+03  0.00000000e+00  1.86462191e+07  6.79941359e+08
   8.10220868e+07  8.70513960e+07  1.53666266e+07  6.64590413e+07
   1.22791310e+05  6.02850892e+07  1.11322500e+04  5.36922598e+07
   0.00000000e+00  1.99280000e+02  7.26689000e+03  8.65930000e+02
   9.30360000e+02  1.64230000e+02  7.10280000e+02  1.31000000e+00
   6.44300000e+02  1.20000000e-01  5.73840000e+02  1.03300000e+03]
 [ 5.53708333e+02  9.11575000e+01  6.09458333e+02  9.36750000e+03
   6.16750000e+01  3.12375000e+01  7.09166667e+00  7.62083333e+00
   5.51583333e+02  1.53818254e+04  2.10788024e+06  5.78374784e+07
   3.76688100e+06  7.77526620e+06  1.50261740e+06  3.91393207e+06
   1.55555312e+05  6.33970954e+06  9.84948758e+04  4.75261739e+06
   2.65583333e+00  2.35551667e+02  6.56072958e+03  4.21695833e+02
   8.83590833e+02  1.71161667e+02  4.37867917e+02  1.98804167e+01
   7.17793750e+02  1.34745833e+01  5.35880000e+02  1.03516667e+03]]"
9,"[[ 5.06080000e+02  9.17748000e+01  5.53080000e+02  8.60524000e+03
   6.16800000e+01  3.11160000e+01  7.20400000e+00  7.83200000e+00
   5.04320000e+02  1.79940436e+04  1.86862669e+06  5.30501777e+07
   3.38704343e+06  7.15518379e+06  1.37566249e+06  3.33526362e+06
   1.54467484e+05  5.76159084e+06  9.21792028e+04  4.26776501e+06
   3.06240000e+00  2.29712800e+02  6.53693000e+03  4.08451600e+02
   8.82599200e+02  1.70863200e+02  4.13877600e+02  2.09124000e+01
   7.09854000e+02  1.31456000e+01  5.26560800e+02  1.03064000e+03]
 [ 6.76350000e+03  8.41300000e+01  7.96050000e+03  1.13190000e+05
   6.20500000e+01  2.98500000e+01  8.10000000e+00  9.30000000e+00
   6.87100000e+03  0.00000000e+00  2.35448866e+07  7.94055804e+08
   3.86977868e+07  9.78228888e+07  1.59736201e+07  5.58143314e+07
   7.73417450e+04  7.56714571e+07  4.02619115e+05  5.73061132e+07
   0.00000000e+00  2.22500000e+02  7.42810500e+03  3.62015000e+02
   9.28280000e+02  1.48705000e+02  5.35115000e+02  7.60000000e-01
   7.08830000e+02  3.73500000e+00  5.38350000e+02  1.02100000e+03]
 [ 2.48490566e+02  9.21960377e+01  2.69396226e+02  3.97564151e+03
   5.87075472e+01  3.36981132e+01  7.59056604e+00  7.93773585e+00
   2.48735849e+02  1.61690057e+04  1.30513702e+06  2.45378523e+07
   1.46147090e+06  3.28040979e+06  6.44621754e+05  1.59987797e+06
   1.75450294e+04  2.59204251e+06  3.85504285e+04  2.22913931e+06
   4.18509434e+00  3.49026792e+02  6.50114094e+03  3.88025094e+02
   8.74245283e+02  1.71549623e+02  4.22947547e+02  5.29886792e+00
   6.90063019e+02  1.06975472e+01  5.93186226e+02  1.00616981e+03]
 [ 1.93900000e+03  8.93942857e+01  2.17171429e+03  3.13295714e+04
   5.69857143e+01  3.46000000e+01  8.42857143e+00  8.82857143e+00
   1.93628571e+03  8.61464571e+03  4.43331892e+06  1.86642157e+08
   1.31613468e+07  2.27911974e+07  4.81459910e+06  1.02190728e+07
  -7.27595761e-12  2.04380377e+07  1.18407053e+05  1.34455893e+07
   2.77142857e-01  1.52455714e+02  6.41822286e+03  4.52562857e+02
   7.79487143e+02  1.65890000e+02  3.50775714e+02  0.00000000e+00
   7.02407143e+02  4.10285714e+00  4.61438571e+02  1.02414286e+03]
 [ 1.21560000e+04  8.59700000e+01  1.41400000e+04  1.95131000e+05
   6.85000000e+01  2.57000000e+01  5.70000000e+00  6.40000000e+00
   1.20230000e+04  0.00000000e+00  3.50533783e+07  1.14154916e+09
   1.00651772e+08  1.30025513e+08  2.40303381e+07  5.65975015e+07
   5.18729900e+04  1.49343570e+08  5.00072620e+05  1.13862760e+08
   0.00000000e+00  1.87360000e+02  6.10144000e+03  5.37970000e+02
   6.94970000e+02  1.28440000e+02  3.02510000e+02  2.80000000e-01
   7.98220000e+02  2.67000000e+00  6.08580000e+02  1.07700000e+03]
 [ 2.95160000e+03  8.93780000e+01  3.31140000e+03  4.89736000e+04
   6.05800000e+01  3.19000000e+01  7.52000000e+00  8.22000000e+00
   2.96960000e+03  2.43296533e+06  7.56325807e+06  2.94307207e+08
   2.10274676e+07  3.65006593e+07  5.62730659e+06  1.49769748e+07
   3.09139258e+05  2.95681530e+07  3.06704244e+05  2.34467662e+07
   5.45920000e+01  1.72266000e+02  6.50979600e+03  4.49606000e+02
   8.13522000e+02  1.27326000e+02  3.37060000e+02  7.07000000e+00
   6.54618000e+02  6.39600000e+00  5.28828000e+02  1.03180000e+03]
 [ 2.62900000e+03  8.22300000e+01  3.19700000e+03  5.70600000e+04
   5.29000000e+01  3.39000000e+01  1.32000000e+01  1.50000000e+01
   2.57700000e+03  9.65257660e+05  1.62330881e+07  5.36868464e+08
   5.36500020e+07  8.66166726e+07  5.76741371e+06  4.41090478e+07
   0.00000000e+00  4.00362518e+07  7.42209700e+04  3.28204403e+07
   1.87000000e+01  3.14470000e+02  1.04004000e+04  1.03933000e+03
   1.67797000e+03  1.11730000e+02  8.54500000e+02  0.00000000e+00
   7.75600000e+02  1.44000000e+00  6.35810000e+02  9.69000000e+02]
 [ 1.43575000e+03  8.87700000e+01  1.61250000e+03  2.22290000e+04
   6.00750000e+01  3.23250000e+01  7.60000000e+00  8.07500000e+00
   1.43625000e+03  1.50000000e+05  3.43505146e+06  1.37811088e+08
   1.15634690e+07  1.76018545e+07  3.44738145e+06  9.71333536e+06
   5.22175000e+03  1.57575272e+07  1.14267525e+05  9.90925315e+06
   7.13000000e+00  1.65702500e+02  6.63131000e+03  5.63117500e+02
   8.47540000e+02  1.65715000e+02  4.69037500e+02  2.47500000e-01
   7.55957500e+02  5.50500000e+00  4.78452500e+02  1.01625000e+03]
 [ 8.26083333e+02  8.94158333e+01  9.23833333e+02  1.40435000e+04
   5.85750000e+01  3.34500000e+01  7.99166667e+00  8.80000000e+00
   8.22416667e+02  5.92620925e+04  3.16995621e+06  8.77310306e+07
   6.37295453e+06  1.16980100e+07  2.24669227e+06  5.63031379e+06
   6.89195533e+04  9.69220167e+06  7.39539875e+04  7.28814453e+06
   4.28000000e+00  2.38534167e+02  6.63735500e+03  4.76715000e+02
   8.87757500e+02  1.69925000e+02  4.30556667e+02  5.29666667e+00
   7.32282500e+02  5.59500000e+00  5.52353333e+02  1.00891667e+03]
 [ 6.74200000e+03  8.71400000e+01  7.73700000e+03  9.95810000e+04
   6.21000000e+01  3.06000000e+01  7.30000000e+00  8.90000000e+00
   6.64000000e+03  0.00000000e+00  1.86462191e+07  6.79941359e+08
   8.10220868e+07  8.70513960e+07  1.53666266e+07  6.64590413e+07
   1.22791310e+05  6.02850892e+07  1.11322500e+04  5.36922598e+07
   0.00000000e+00  1.99280000e+02  7.26689000e+03  8.65930000e+02
   9.30360000e+02  1.64230000e+02  7.10280000e+02  1.31000000e+00
   6.44300000e+02  1.20000000e-01  5.73840000e+02  1.03300000e+03]
 [ 9.49420290e+01  8.71405797e+01  1.06028986e+02  1.48311594e+03
   6.03478261e+01  3.24811594e+01  7.17246377e+00  7.28550725e+00
   9.51304348e+01  3.47170791e+04  7.83633958e+05  8.86228562e+06
   5.11038419e+05  1.44615883e+06  2.64463094e+05  6.13243628e+05
   1.22725229e+04  1.10433933e+06  1.73707606e+04  8.94651769e+05
   2.12369565e+01  7.37671014e+02  6.61577971e+03  4.28747536e+02
   1.15078913e+03  2.00806232e+02  4.71133333e+02  1.48459420e+01
   8.73648406e+02  1.42892754e+01  7.21080000e+02  8.68782609e+02]]"
10,"[[ 9.20447761e+01  8.72465672e+01  1.02283582e+02  1.43105970e+03
   6.05462687e+01  3.23373134e+01  7.11791045e+00  7.20895522e+00
   9.23283582e+01  3.57534099e+04  7.79532970e+05  8.63396260e+06
   4.93979831e+05  1.42501600e+06  2.56330375e+05  5.88096422e+05
   1.26388669e+04  1.08526055e+06  1.70377536e+04  8.56433031e+05
   2.18708955e+01  7.50641045e+02  6.65103209e+03  4.30910299e+02
   1.16397104e+03  2.01524328e+02  4.70887761e+02  1.52891045e+01
   8.82594776e+02  1.44355224e+01  7.21231642e+02  8.65089552e+02]
 [ 6.76350000e+03  8.41300000e+01  7.96050000e+03  1.13190000e+05
   6.20500000e+01  2.98500000e+01  8.10000000e+00  9.30000000e+00
   6.87100000e+03  0.00000000e+00  2.35448866e+07  7.94055804e+08
   3.86977868e+07  9.78228888e+07  1.59736201e+07  5.58143314e+07
   7.73417450e+04  7.56714571e+07  4.02619115e+05  5.73061132e+07
   0.00000000e+00  2.22500000e+02  7.42810500e+03  3.62015000e+02
   9.28280000e+02  1.48705000e+02  5.35115000e+02  7.60000000e-01
   7.08830000e+02  3.73500000e+00  5.38350000e+02  1.02100000e+03]
 [ 2.81250000e+03  8.74700000e+01  3.23525000e+03  4.82377500e+04
   5.98000000e+01  3.20250000e+01  8.20000000e+00  9.25000000e+00
   2.83275000e+03  2.44834417e+06  8.40216426e+06  2.80089726e+08
   2.10318057e+07  3.66521195e+07  6.11261676e+06  1.61242029e+07
   1.99573698e+05  2.97234241e+07  1.70766555e+05  2.41275798e+07
   5.65650000e+01  1.94620000e+02  6.40846750e+03  4.58577500e+02
   8.40200000e+02  1.41012500e+02  3.70187500e+02  5.15750000e+00
   6.75772500e+02  3.80750000e+00  5.59017500e+02  1.00725000e+03]
 [ 8.26083333e+02  8.94158333e+01  9.23833333e+02  1.40435000e+04
   5.85750000e+01  3.34500000e+01  7.99166667e+00  8.80000000e+00
   8.22416667e+02  5.92620925e+04  3.16995621e+06  8.77310306e+07
   6.37295453e+06  1.16980100e+07  2.24669227e+06  5.63031379e+06
   6.89195533e+04  9.69220167e+06  7.39539875e+04  7.28814453e+06
   4.28000000e+00  2.38534167e+02  6.63735500e+03  4.76715000e+02
   8.87757500e+02  1.69925000e+02  4.30556667e+02  5.29666667e+00
   7.32282500e+02  5.59500000e+00  5.52353333e+02  1.00891667e+03]
 [ 1.21560000e+04  8.59700000e+01  1.41400000e+04  1.95131000e+05
   6.85000000e+01  2.57000000e+01  5.70000000e+00  6.40000000e+00
   1.20230000e+04  0.00000000e+00  3.50533783e+07  1.14154916e+09
   1.00651772e+08  1.30025513e+08  2.40303381e+07  5.65975015e+07
   5.18729900e+04  1.49343570e+08  5.00072620e+05  1.13862760e+08
   0.00000000e+00  1.87360000e+02  6.10144000e+03  5.37970000e+02
   6.94970000e+02  1.28440000e+02  3.02510000e+02  2.80000000e-01
   7.98220000e+02  2.67000000e+00  6.08580000e+02  1.07700000e+03]
 [ 2.62900000e+03  8.22300000e+01  3.19700000e+03  5.70600000e+04
   5.29000000e+01  3.39000000e+01  1.32000000e+01  1.50000000e+01
   2.57700000e+03  9.65257660e+05  1.62330881e+07  5.36868464e+08
   5.36500020e+07  8.66166726e+07  5.76741371e+06  4.41090478e+07
   0.00000000e+00  4.00362518e+07  7.42209700e+04  3.28204403e+07
   1.87000000e+01  3.14470000e+02  1.04004000e+04  1.03933000e+03
   1.67797000e+03  1.11730000e+02  8.54500000e+02  0.00000000e+00
   7.75600000e+02  1.44000000e+00  6.35810000e+02  9.69000000e+02]
 [ 1.43575000e+03  8.87700000e+01  1.61250000e+03  2.22290000e+04
   6.00750000e+01  3.23250000e+01  7.60000000e+00  8.07500000e+00
   1.43625000e+03  1.50000000e+05  3.43505146e+06  1.37811088e+08
   1.15634690e+07  1.76018545e+07  3.44738145e+06  9.71333536e+06
   5.22175000e+03  1.57575272e+07  1.14267525e+05  9.90925315e+06
   7.13000000e+00  1.65702500e+02  6.63131000e+03  5.63117500e+02
   8.47540000e+02  1.65715000e+02  4.69037500e+02  2.47500000e-01
   7.55957500e+02  5.50500000e+00  4.78452500e+02  1.01625000e+03]
 [ 5.06080000e+02  9.17748000e+01  5.53080000e+02  8.60524000e+03
   6.16800000e+01  3.11160000e+01  7.20400000e+00  7.83200000e+00
   5.04320000e+02  1.79940436e+04  1.86862669e+06  5.30501777e+07
   3.38704343e+06  7.15518379e+06  1.37566249e+06  3.33526362e+06
   1.54467484e+05  5.76159084e+06  9.21792028e+04  4.26776501e+06
   3.06240000e+00  2.29712800e+02  6.53693000e+03  4.08451600e+02
   8.82599200e+02  1.70863200e+02  4.13877600e+02  2.09124000e+01
   7.09854000e+02  1.31456000e+01  5.26560800e+02  1.03064000e+03]
 [ 2.46436364e+02  9.18830909e+01  2.68018182e+02  3.94841818e+03
   5.85254545e+01  3.38290909e+01  7.64181818e+00  8.00727273e+00
   2.46563636e+02  1.55810418e+04  1.29116902e+06  2.42459707e+07
   1.44769018e+06  3.23946558e+06  6.40704933e+05  1.59463423e+06
   1.69070284e+04  2.56118564e+06  3.81859218e+04  2.22716986e+06
   4.03290909e+00  3.47359455e+02  6.46236582e+03  3.86871273e+02
   8.68243455e+02  1.71738727e+02  4.24998909e+02  5.10618182e+00
   6.85840545e+02  1.06500000e+01  5.97652182e+02  1.00567273e+03]
 [ 6.74200000e+03  8.71400000e+01  7.73700000e+03  9.95810000e+04
   6.21000000e+01  3.06000000e+01  7.30000000e+00  8.90000000e+00
   6.64000000e+03  0.00000000e+00  1.86462191e+07  6.79941359e+08
   8.10220868e+07  8.70513960e+07  1.53666266e+07  6.64590413e+07
   1.22791310e+05  6.02850892e+07  1.11322500e+04  5.36922598e+07
   0.00000000e+00  1.99280000e+02  7.26689000e+03  8.65930000e+02
   9.30360000e+02  1.64230000e+02  7.10280000e+02  1.31000000e+00
   6.44300000e+02  1.20000000e-01  5.73840000e+02  1.03300000e+03]
 [ 3.50800000e+03  9.70100000e+01  3.61600000e+03  5.19170000e+04
   6.37000000e+01  3.14000000e+01  4.80000000e+00  4.10000000e+00
   3.51700000e+03  2.37145000e+06  4.20763332e+06  3.51177130e+08
   2.10101156e+07  3.58948187e+07  3.68606592e+06  1.03880623e+07
   7.47401500e+05  2.89470685e+07  8.50455000e+05  2.07235118e+07
   4.67000000e+01  8.28500000e+01  6.91511000e+03  4.13720000e+02
   7.06810000e+02  7.25800000e+01  2.04550000e+02  1.47200000e+01
   5.70000000e+02  1.67500000e+01  4.08070000e+02  1.13000000e+03]
 [ 1.93900000e+03  8.93942857e+01  2.17171429e+03  3.13295714e+04
   5.69857143e+01  3.46000000e+01  8.42857143e+00  8.82857143e+00
   1.93628571e+03  8.61464571e+03  4.43331892e+06  1.86642157e+08
   1.31613468e+07  2.27911974e+07  4.81459910e+06  1.02190728e+07
  -7.27595761e-12  2.04380377e+07  1.18407053e+05  1.34455893e+07
   2.77142857e-01  1.52455714e+02  6.41822286e+03  4.52562857e+02
   7.79487143e+02  1.65890000e+02  3.50775714e+02  0.00000000e+00
   7.02407143e+02  4.10285714e+00  4.61438571e+02  1.02414286e+03]]"
11,"[[ 9.20447761e+01  8.72465672e+01  1.02283582e+02  1.43105970e+03
   6.05462687e+01  3.23373134e+01  7.11791045e+00  7.20895522e+00
   9.23283582e+01  3.57534099e+04  7.79532970e+05  8.63396260e+06
   4.93979831e+05  1.42501600e+06  2.56330375e+05  5.88096422e+05
   1.26388669e+04  1.08526055e+06  1.70377536e+04  8.56433031e+05
   2.18708955e+01  7.50641045e+02  6.65103209e+03  4.30910299e+02
   1.16397104e+03  2.01524328e+02  4.70887761e+02  1.52891045e+01
   8.82594776e+02  1.44355224e+01  7.21231642e+02  8.65089552e+02]
 [ 2.62900000e+03  8.22300000e+01  3.19700000e+03  5.70600000e+04
   5.29000000e+01  3.39000000e+01  1.32000000e+01  1.50000000e+01
   2.57700000e+03  9.65257660e+05  1.62330881e+07  5.36868464e+08
   5.36500020e+07  8.66166726e+07  5.76741371e+06  4.41090478e+07
   0.00000000e+00  4.00362518e+07  7.42209700e+04  3.28204403e+07
   1.87000000e+01  3.14470000e+02  1.04004000e+04  1.03933000e+03
   1.67797000e+03  1.11730000e+02  8.54500000e+02  0.00000000e+00
   7.75600000e+02  1.44000000e+00  6.35810000e+02  9.69000000e+02]
 [ 1.93900000e+03  8.93942857e+01  2.17171429e+03  3.13295714e+04
   5.69857143e+01  3.46000000e+01  8.42857143e+00  8.82857143e+00
   1.93628571e+03  8.61464571e+03  4.43331892e+06  1.86642157e+08
   1.31613468e+07  2.27911974e+07  4.81459910e+06  1.02190728e+07
  -7.27595761e-12  2.04380377e+07  1.18407053e+05  1.34455893e+07
   2.77142857e-01  1.52455714e+02  6.41822286e+03  4.52562857e+02
   7.79487143e+02  1.65890000e+02  3.50775714e+02  0.00000000e+00
   7.02407143e+02  4.10285714e+00  4.61438571e+02  1.02414286e+03]
 [ 1.21560000e+04  8.59700000e+01  1.41400000e+04  1.95131000e+05
   6.85000000e+01  2.57000000e+01  5.70000000e+00  6.40000000e+00
   1.20230000e+04  0.00000000e+00  3.50533783e+07  1.14154916e+09
   1.00651772e+08  1.30025513e+08  2.40303381e+07  5.65975015e+07
   5.18729900e+04  1.49343570e+08  5.00072620e+05  1.13862760e+08
   0.00000000e+00  1.87360000e+02  6.10144000e+03  5.37970000e+02
   6.94970000e+02  1.28440000e+02  3.02510000e+02  2.80000000e-01
   7.98220000e+02  2.67000000e+00  6.08580000e+02  1.07700000e+03]
 [ 8.16200000e+03  9.02900000e+01  9.04000000e+03  1.19052000e+05
   6.47000000e+01  2.91000000e+01  6.20000000e+00  6.70000000e+00
   8.34400000e+03  0.00000000e+00  2.08119556e+07  8.23970271e+08
   4.01404656e+07  8.02575332e+07  1.77374517e+07  3.69784562e+07
   1.42454900e+04  7.69884557e+07  4.71236980e+05  5.58011743e+07
   0.00000000e+00  1.82270000e+02  7.21610000e+03  3.51540000e+02
   7.02870000e+02  1.55340000e+02  3.23850000e+02  1.20000000e-01
   6.74240000e+02  4.13000000e+00  4.88690000e+02  1.07600000e+03]
 [ 5.06080000e+02  9.17748000e+01  5.53080000e+02  8.60524000e+03
   6.16800000e+01  3.11160000e+01  7.20400000e+00  7.83200000e+00
   5.04320000e+02  1.79940436e+04  1.86862669e+06  5.30501777e+07
   3.38704343e+06  7.15518379e+06  1.37566249e+06  3.33526362e+06
   1.54467484e+05  5.76159084e+06  9.21792028e+04  4.26776501e+06
   3.06240000e+00  2.29712800e+02  6.53693000e+03  4.08451600e+02
   8.82599200e+02  1.70863200e+02  4.13877600e+02  2.09124000e+01
   7.09854000e+02  1.31456000e+01  5.26560800e+02  1.03064000e+03]
 [ 8.26083333e+02  8.94158333e+01  9.23833333e+02  1.40435000e+04
   5.85750000e+01  3.34500000e+01  7.99166667e+00  8.80000000e+00
   8.22416667e+02  5.92620925e+04  3.16995621e+06  8.77310306e+07
   6.37295453e+06  1.16980100e+07  2.24669227e+06  5.63031379e+06
   6.89195533e+04  9.69220167e+06  7.39539875e+04  7.28814453e+06
   4.28000000e+00  2.38534167e+02  6.63735500e+03  4.76715000e+02
   8.87757500e+02  1.69925000e+02  4.30556667e+02  5.29666667e+00
   7.32282500e+02  5.59500000e+00  5.52353333e+02  1.00891667e+03]
 [ 6.74200000e+03  8.71400000e+01  7.73700000e+03  9.95810000e+04
   6.21000000e+01  3.06000000e+01  7.30000000e+00  8.90000000e+00
   6.64000000e+03  0.00000000e+00  1.86462191e+07  6.79941359e+08
   8.10220868e+07  8.70513960e+07  1.53666266e+07  6.64590413e+07
   1.22791310e+05  6.02850892e+07  1.11322500e+04  5.36922598e+07
   0.00000000e+00  1.99280000e+02  7.26689000e+03  8.65930000e+02
   9.30360000e+02  1.64230000e+02  7.10280000e+02  1.31000000e+00
   6.44300000e+02  1.20000000e-01  5.73840000e+02  1.03300000e+03]
 [ 2.81250000e+03  8.74700000e+01  3.23525000e+03  4.82377500e+04
   5.98000000e+01  3.20250000e+01  8.20000000e+00  9.25000000e+00
   2.83275000e+03  2.44834417e+06  8.40216426e+06  2.80089726e+08
   2.10318057e+07  3.66521195e+07  6.11261676e+06  1.61242029e+07
   1.99573698e+05  2.97234241e+07  1.70766555e+05  2.41275798e+07
   5.65650000e+01  1.94620000e+02  6.40846750e+03  4.58577500e+02
   8.40200000e+02  1.41012500e+02  3.70187500e+02  5.15750000e+00
   6.75772500e+02  3.80750000e+00  5.59017500e+02  1.00725000e+03]
 [ 1.43575000e+03  8.87700000e+01  1.61250000e+03  2.22290000e+04
   6.00750000e+01  3.23250000e+01  7.60000000e+00  8.07500000e+00
   1.43625000e+03  1.50000000e+05  3.43505146e+06  1.37811088e+08
   1.15634690e+07  1.76018545e+07  3.44738145e+06  9.71333536e+06
   5.22175000e+03  1.57575272e+07  1.14267525e+05  9.90925315e+06
   7.13000000e+00  1.65702500e+02  6.63131000e+03  5.63117500e+02
   8.47540000e+02  1.65715000e+02  4.69037500e+02  2.47500000e-01
   7.55957500e+02  5.50500000e+00  4.78452500e+02  1.01625000e+03]
 [ 2.46436364e+02  9.18830909e+01  2.68018182e+02  3.94841818e+03
   5.85254545e+01  3.38290909e+01  7.64181818e+00  8.00727273e+00
   2.46563636e+02  1.55810418e+04  1.29116902e+06  2.42459707e+07
   1.44769018e+06  3.23946558e+06  6.40704933e+05  1.59463423e+06
   1.69070284e+04  2.56118564e+06  3.81859218e+04  2.22716986e+06
   4.03290909e+00  3.47359455e+02  6.46236582e+03  3.86871273e+02
   8.68243455e+02  1.71738727e+02  4.24998909e+02  5.10618182e+00
   6.85840545e+02  1.06500000e+01  5.97652182e+02  1.00567273e+03]
 [ 5.36500000e+03  7.79700000e+01  6.88100000e+03  1.07328000e+05
   5.94000000e+01  3.06000000e+01  1.00000000e+01  1.19000000e+01
   5.39800000e+03  0.00000000e+00  2.62778177e+07  7.64141336e+08
   3.72551080e+07  1.15388244e+08  1.42097884e+07  7.46502067e+07
   1.40438000e+05  7.43544585e+07  3.34001250e+05  5.88110521e+07
   0.00000000e+00  2.62730000e+02  7.64011000e+03  3.72490000e+02
   1.15369000e+03  1.42070000e+02  7.46380000e+02  1.40000000e+00
   7.43420000e+02  3.34000000e+00  5.88010000e+02  9.66000000e+02]
 [ 3.50800000e+03  9.70100000e+01  3.61600000e+03  5.19170000e+04
   6.37000000e+01  3.14000000e+01  4.80000000e+00  4.10000000e+00
   3.51700000e+03  2.37145000e+06  4.20763332e+06  3.51177130e+08
   2.10101156e+07  3.58948187e+07  3.68606592e+06  1.03880623e+07
   7.47401500e+05  2.89470685e+07  8.50455000e+05  2.07235118e+07
   4.67000000e+01  8.28500000e+01  6.91511000e+03  4.13720000e+02
   7.06810000e+02  7.25800000e+01  2.04550000e+02  1.47200000e+01
   5.70000000e+02  1.67500000e+01  4.08070000e+02  1.13000000e+03]]"
12,"[[ 8.96153846e+01  8.71700000e+01  9.95692308e+01  1.39643077e+03
   6.06292308e+01  3.22769231e+01  7.09384615e+00  7.19846154e+00
   8.98769231e+01  3.68535148e+04  7.76464267e+05  8.40657902e+06
   4.84150321e+05  1.39292080e+06  2.49337455e+05  5.83526761e+05
   1.21046782e+04  1.06788303e+06  1.73890089e+04  8.40437465e+05
   2.25438462e+01  7.62614615e+02  6.65035892e+03  4.33842923e+02
   1.16814246e+03  2.01467846e+02  4.75878308e+02  1.53490769e+01
   8.88527692e+02  1.48124615e+01  7.25662000e+02  8.63000000e+02]
 [ 1.21560000e+04  8.59700000e+01  1.41400000e+04  1.95131000e+05
   6.85000000e+01  2.57000000e+01  5.70000000e+00  6.40000000e+00
   1.20230000e+04  0.00000000e+00  3.50533783e+07  1.14154916e+09
   1.00651772e+08  1.30025513e+08  2.40303381e+07  5.65975015e+07
   5.18729900e+04  1.49343570e+08  5.00072620e+05  1.13862760e+08
   0.00000000e+00  1.87360000e+02  6.10144000e+03  5.37970000e+02
   6.94970000e+02  1.28440000e+02  3.02510000e+02  2.80000000e-01
   7.98220000e+02  2.67000000e+00  6.08580000e+02  1.07700000e+03]
 [ 3.50800000e+03  9.70100000e+01  3.61600000e+03  5.19170000e+04
   6.37000000e+01  3.14000000e+01  4.80000000e+00  4.10000000e+00
   3.51700000e+03  2.37145000e+06  4.20763332e+06  3.51177130e+08
   2.10101156e+07  3.58948187e+07  3.68606592e+06  1.03880623e+07
   7.47401500e+05  2.89470685e+07  8.50455000e+05  2.07235118e+07
   4.67000000e+01  8.28500000e+01  6.91511000e+03  4.13720000e+02
   7.06810000e+02  7.25800000e+01  2.04550000e+02  1.47200000e+01
   5.70000000e+02  1.67500000e+01  4.08070000e+02  1.13000000e+03]
 [ 5.36500000e+03  7.79700000e+01  6.88100000e+03  1.07328000e+05
   5.94000000e+01  3.06000000e+01  1.00000000e+01  1.19000000e+01
   5.39800000e+03  0.00000000e+00  2.62778177e+07  7.64141336e+08
   3.72551080e+07  1.15388244e+08  1.42097884e+07  7.46502067e+07
   1.40438000e+05  7.43544585e+07  3.34001250e+05  5.88110521e+07
   0.00000000e+00  2.62730000e+02  7.64011000e+03  3.72490000e+02
   1.15369000e+03  1.42070000e+02  7.46380000e+02  1.40000000e+00
   7.43420000e+02  3.34000000e+00  5.88010000e+02  9.66000000e+02]
 [ 1.43575000e+03  8.87700000e+01  1.61250000e+03  2.22290000e+04
   6.00750000e+01  3.23250000e+01  7.60000000e+00  8.07500000e+00
   1.43625000e+03  1.50000000e+05  3.43505146e+06  1.37811088e+08
   1.15634690e+07  1.76018545e+07  3.44738145e+06  9.71333536e+06
   5.22175000e+03  1.57575272e+07  1.14267525e+05  9.90925315e+06
   7.13000000e+00  1.65702500e+02  6.63131000e+03  5.63117500e+02
   8.47540000e+02  1.65715000e+02  4.69037500e+02  2.47500000e-01
   7.55957500e+02  5.50500000e+00  4.78452500e+02  1.01625000e+03]
 [ 6.08125000e+02  9.09675000e+01  6.70000000e+02  1.01983125e+04
   6.15437500e+01  3.16875000e+01  6.78125000e+00  7.43750000e+00
   6.07812500e+02  4.65103750e+02  2.32817543e+06  6.31124404e+07
   4.39979259e+06  8.29230863e+06  1.60707716e+06  4.37355906e+06
   2.51040406e+04  6.88484297e+06  6.54036162e+04  5.27124467e+06
   5.68750000e-02  2.38787500e+02  6.59339125e+03  4.59966875e+02
   8.63521875e+02  1.66935000e+02  4.47150625e+02  2.09000000e+00
   7.15613125e+02  6.92937500e+00  5.46360000e+02  1.04006250e+03]
 [ 2.62900000e+03  8.22300000e+01  3.19700000e+03  5.70600000e+04
   5.29000000e+01  3.39000000e+01  1.32000000e+01  1.50000000e+01
   2.57700000e+03  9.65257660e+05  1.62330881e+07  5.36868464e+08
   5.36500020e+07  8.66166726e+07  5.76741371e+06  4.41090478e+07
   0.00000000e+00  4.00362518e+07  7.42209700e+04  3.28204403e+07
   1.87000000e+01  3.14470000e+02  1.04004000e+04  1.03933000e+03
   1.67797000e+03  1.11730000e+02  8.54500000e+02  0.00000000e+00
   7.75600000e+02  1.44000000e+00  6.35810000e+02  9.69000000e+02]
 [ 2.29340000e+02  9.16178000e+01  2.50200000e+02  3.68380000e+03
   5.78240000e+01  3.43000000e+01  7.87200000e+00  8.22400000e+00
   2.29920000e+02  1.71391460e+04  1.17342947e+06  2.23867594e+07
   1.37614004e+06  3.01081623e+06  6.03347896e+05  1.44304710e+06
   1.93577312e+04  2.36377837e+06  3.70897098e+04  2.03917073e+06
   4.43620000e+00  3.40025000e+02  6.42340820e+03  3.91363600e+02
   8.70257000e+02  1.73936800e+02  4.14350400e+02  6.06100000e+00
   6.80331400e+02  1.08336000e+01  5.87895800e+02  9.98780000e+02]
 [ 2.81250000e+03  8.74700000e+01  3.23525000e+03  4.82377500e+04
   5.98000000e+01  3.20250000e+01  8.20000000e+00  9.25000000e+00
   2.83275000e+03  2.44834417e+06  8.40216426e+06  2.80089726e+08
   2.10318057e+07  3.66521195e+07  6.11261676e+06  1.61242029e+07
   1.99573698e+05  2.97234241e+07  1.70766555e+05  2.41275798e+07
   5.65650000e+01  1.94620000e+02  6.40846750e+03  4.58577500e+02
   8.40200000e+02  1.41012500e+02  3.70187500e+02  5.15750000e+00
   6.75772500e+02  3.80750000e+00  5.59017500e+02  1.00725000e+03]
 [ 1.93900000e+03  8.93942857e+01  2.17171429e+03  3.13295714e+04
   5.69857143e+01  3.46000000e+01  8.42857143e+00  8.82857143e+00
   1.93628571e+03  8.61464571e+03  4.43331892e+06  1.86642157e+08
   1.31613468e+07  2.27911974e+07  4.81459910e+06  1.02190728e+07
  -7.27595761e-12  2.04380377e+07  1.18407053e+05  1.34455893e+07
   2.77142857e-01  1.52455714e+02  6.41822286e+03  4.52562857e+02
   7.79487143e+02  1.65890000e+02  3.50775714e+02  0.00000000e+00
   7.02407143e+02  4.10285714e+00  4.61438571e+02  1.02414286e+03]
 [ 6.74200000e+03  8.71400000e+01  7.73700000e+03  9.95810000e+04
   6.21000000e+01  3.06000000e+01  7.30000000e+00  8.90000000e+00
   6.64000000e+03  0.00000000e+00  1.86462191e+07  6.79941359e+08
   8.10220868e+07  8.70513960e+07  1.53666266e+07  6.64590413e+07
   1.22791310e+05  6.02850892e+07  1.11322500e+04  5.36922598e+07
   0.00000000e+00  1.99280000e+02  7.26689000e+03  8.65930000e+02
   9.30360000e+02  1.64230000e+02  7.10280000e+02  1.31000000e+00
   6.44300000e+02  1.20000000e-01  5.73840000e+02  1.03300000e+03]
 [ 8.51666667e+02  8.95111111e+01  9.51555556e+02  1.46567778e+04
   5.82333333e+01  3.34888889e+01  8.28888889e+00  9.16666667e+00
   8.47222222e+02  7.90161233e+04  3.14476889e+06  9.20983682e+07
   6.93783916e+06  1.23292681e+07  2.32860044e+06  5.20332568e+06
   5.56163089e+04  1.00907113e+07  7.60533500e+04  7.42162899e+06
   5.70666667e+00  2.25237778e+02  6.68264556e+03  5.01911111e+02
   8.98803333e+02  1.68693333e+02  3.76075556e+02  4.13333333e+00
   7.29600000e+02  5.50111111e+00  5.37296667e+02  9.98777778e+02]
 [ 8.16200000e+03  9.02900000e+01  9.04000000e+03  1.19052000e+05
   6.47000000e+01  2.91000000e+01  6.20000000e+00  6.70000000e+00
   8.34400000e+03  0.00000000e+00  2.08119556e+07  8.23970271e+08
   4.01404656e+07  8.02575332e+07  1.77374517e+07  3.69784562e+07
   1.42454900e+04  7.69884557e+07  4.71236980e+05  5.58011743e+07
   0.00000000e+00  1.82270000e+02  7.21610000e+03  3.51540000e+02
   7.02870000e+02  1.55340000e+02  3.23850000e+02  1.20000000e-01
   6.74240000e+02  4.13000000e+00  4.88690000e+02  1.07600000e+03]
 [ 3.99947368e+02  9.25489474e+01  4.33736842e+02  6.66605263e+03
   6.20789474e+01  3.07947368e+01  7.12631579e+00  7.58947368e+00
   3.96631579e+02  2.32847068e+04  1.75277731e+06  4.13989855e+07
   2.14511272e+06  5.69375681e+06  1.09051621e+06  2.69285410e+06
   2.00447912e+05  4.49203436e+06  9.04196858e+04  3.48977199e+06
   3.98157895e+00  2.93895263e+02  6.58099842e+03  3.38744211e+02
   9.00517368e+02  1.72473158e+02  4.34175789e+02  2.73789474e+01
   7.15881053e+02  1.49389474e+01  5.70810526e+02  1.02536842e+03]]"
13,"[[ 2.27326531e+02  9.15912245e+01  2.48102041e+02  3.64638776e+03
   5.78591837e+01  3.42795918e+01  7.85714286e+00  8.19387755e+00
   2.27897959e+02  1.74889245e+04  1.16502708e+06  2.21934450e+07
   1.36608211e+06  2.99429862e+06  5.94259287e+05  1.43393319e+06
   1.97527869e+04  2.35191039e+06  3.65968927e+04  2.02970962e+06
   4.52673469e+00  3.40681429e+02  6.42822367e+03  3.91942857e+02
   8.72875918e+02  1.73330000e+02  4.15316939e+02  6.18469388e+00
   6.82541837e+02  1.08120408e+01  5.89973878e+02  9.99122449e+02]
 [ 2.62900000e+03  8.22300000e+01  3.19700000e+03  5.70600000e+04
   5.29000000e+01  3.39000000e+01  1.32000000e+01  1.50000000e+01
   2.57700000e+03  9.65257660e+05  1.62330881e+07  5.36868464e+08
   5.36500020e+07  8.66166726e+07  5.76741371e+06  4.41090478e+07
   0.00000000e+00  4.00362518e+07  7.42209700e+04  3.28204403e+07
   1.87000000e+01  3.14470000e+02  1.04004000e+04  1.03933000e+03
   1.67797000e+03  1.11730000e+02  8.54500000e+02  0.00000000e+00
   7.75600000e+02  1.44000000e+00  6.35810000e+02  9.69000000e+02]
 [ 1.43575000e+03  8.87700000e+01  1.61250000e+03  2.22290000e+04
   6.00750000e+01  3.23250000e+01  7.60000000e+00  8.07500000e+00
   1.43625000e+03  1.50000000e+05  3.43505146e+06  1.37811088e+08
   1.15634690e+07  1.76018545e+07  3.44738145e+06  9.71333536e+06
   5.22175000e+03  1.57575272e+07  1.14267525e+05  9.90925315e+06
   7.13000000e+00  1.65702500e+02  6.63131000e+03  5.63117500e+02
   8.47540000e+02  1.65715000e+02  4.69037500e+02  2.47500000e-01
   7.55957500e+02  5.50500000e+00  4.78452500e+02  1.01625000e+03]
 [ 8.16200000e+03  9.02900000e+01  9.04000000e+03  1.19052000e+05
   6.47000000e+01  2.91000000e+01  6.20000000e+00  6.70000000e+00
   8.34400000e+03  0.00000000e+00  2.08119556e+07  8.23970271e+08
   4.01404656e+07  8.02575332e+07  1.77374517e+07  3.69784562e+07
   1.42454900e+04  7.69884557e+07  4.71236980e+05  5.58011743e+07
   0.00000000e+00  1.82270000e+02  7.21610000e+03  3.51540000e+02
   7.02870000e+02  1.55340000e+02  3.23850000e+02  1.20000000e-01
   6.74240000e+02  4.13000000e+00  4.88690000e+02  1.07600000e+03]
 [ 1.21560000e+04  8.59700000e+01  1.41400000e+04  1.95131000e+05
   6.85000000e+01  2.57000000e+01  5.70000000e+00  6.40000000e+00
   1.20230000e+04  0.00000000e+00  3.50533783e+07  1.14154916e+09
   1.00651772e+08  1.30025513e+08  2.40303381e+07  5.65975015e+07
   5.18729900e+04  1.49343570e+08  5.00072620e+05  1.13862760e+08
   0.00000000e+00  1.87360000e+02  6.10144000e+03  5.37970000e+02
   6.94970000e+02  1.28440000e+02  3.02510000e+02  2.80000000e-01
   7.98220000e+02  2.67000000e+00  6.08580000e+02  1.07700000e+03]
 [ 2.64800000e+03  8.98550000e+01  2.94950000e+03  4.35495000e+04
   5.94000000e+01  3.25500000e+01  8.10000000e+00  9.40000000e+00
   2.68550000e+03  0.00000000e+00  8.33725794e+06  2.65060596e+08
   1.44895332e+07  3.79314592e+07  6.40183979e+06  1.54350357e+07
   2.36053575e+05  2.84409376e+07  1.29697130e+05  2.35535142e+07
   0.00000000e+00  2.19690000e+02  6.72606000e+03  3.64400000e+02
   9.67235000e+02  1.63300000e+02  3.91420000e+02  6.54500000e+00
   7.20815000e+02  3.34500000e+00  6.10460000e+02  9.96000000e+02]
 [ 6.74200000e+03  8.71400000e+01  7.73700000e+03  9.95810000e+04
   6.21000000e+01  3.06000000e+01  7.30000000e+00  8.90000000e+00
   6.64000000e+03  0.00000000e+00  1.86462191e+07  6.79941359e+08
   8.10220868e+07  8.70513960e+07  1.53666266e+07  6.64590413e+07
   1.22791310e+05  6.02850892e+07  1.11322500e+04  5.36922598e+07
   0.00000000e+00  1.99280000e+02  7.26689000e+03  8.65930000e+02
   9.30360000e+02  1.64230000e+02  7.10280000e+02  1.31000000e+00
   6.44300000e+02  1.20000000e-01  5.73840000e+02  1.03300000e+03]
 [ 5.77200000e+02  9.13780000e+01  6.33600000e+02  9.75233333e+03
   6.19000000e+01  3.13800000e+01  6.73333333e+00  7.44666667e+00
   5.75000000e+02  5.46277333e+02  2.14047055e+06  6.05949862e+07
   4.21486026e+06  8.14067990e+06  1.56380742e+06  3.97705347e+06
   5.01178600e+03  6.58346046e+06  6.46966153e+04  5.12164740e+06
   6.80000000e-02  2.29370000e+02  6.62694867e+03  4.57240000e+02
   8.86234667e+02  1.71020667e+02  4.26262667e+02  4.72000000e-01
   7.14716667e+02  7.10200000e+00  5.53840667e+02  1.03973333e+03]
 [ 8.96153846e+01  8.71700000e+01  9.95692308e+01  1.39643077e+03
   6.06292308e+01  3.22769231e+01  7.09384615e+00  7.19846154e+00
   8.98769231e+01  3.68535148e+04  7.76464267e+05  8.40657902e+06
   4.84150321e+05  1.39292080e+06  2.49337455e+05  5.83526761e+05
   1.21046782e+04  1.06788303e+06  1.73890089e+04  8.40437465e+05
   2.25438462e+01  7.62614615e+02  6.65035892e+03  4.33842923e+02
   1.16814246e+03  2.01467846e+02  4.75878308e+02  1.53490769e+01
   8.88527692e+02  1.48124615e+01  7.25662000e+02  8.63000000e+02]
 [ 2.97700000e+03  8.50850000e+01  3.52100000e+03  5.29260000e+04
   6.02000000e+01  3.15000000e+01  8.30000000e+00  9.10000000e+00
   2.98000000e+03  4.89668833e+06  8.46707059e+06  2.95118856e+08
   2.75740781e+07  3.53727797e+07  5.82339373e+06  1.68133701e+07
   1.63093820e+05  3.10059106e+07  2.11835980e+05  2.47016455e+07
   1.13130000e+02  1.69550000e+02  6.09087500e+03  5.52755000e+02
   7.13165000e+02  1.18725000e+02  3.48955000e+02  3.77000000e+00
   6.30730000e+02  4.27000000e+00  5.07575000e+02  1.01850000e+03]
 [ 1.93900000e+03  8.93942857e+01  2.17171429e+03  3.13295714e+04
   5.69857143e+01  3.46000000e+01  8.42857143e+00  8.82857143e+00
   1.93628571e+03  8.61464571e+03  4.43331892e+06  1.86642157e+08
   1.31613468e+07  2.27911974e+07  4.81459910e+06  1.02190728e+07
  -7.27595761e-12  2.04380377e+07  1.18407053e+05  1.34455893e+07
   2.77142857e-01  1.52455714e+02  6.41822286e+03  4.52562857e+02
   7.79487143e+02  1.65890000e+02  3.50775714e+02  0.00000000e+00
   7.02407143e+02  4.10285714e+00  4.61438571e+02  1.02414286e+03]
 [ 3.93473684e+02  9.24000000e+01  4.27526316e+02  6.57615789e+03
   6.16473684e+01  3.10473684e+01  7.30526316e+00  7.78421053e+00
   3.91210526e+02  2.32451016e+04  1.77777539e+06  4.03850172e+07
   2.13549695e+06  5.49558104e+06  1.05764937e+06  2.66954989e+06
   2.00447912e+05  4.37948014e+06  9.13813426e+04  3.40332195e+06
   3.97578947e+00  3.01776316e+02  6.52340842e+03  3.42468421e+02
   8.82703158e+02  1.70650000e+02  4.36006842e+02  2.73789474e+01
   7.07877368e+02  1.52426316e+01  5.65318421e+02  1.02126316e+03]
 [ 8.35272727e+02  8.96509091e+01  9.31909091e+02  1.41840000e+04
   5.86000000e+01  3.34727273e+01  7.93636364e+00  8.70909091e+00
   8.32454545e+02  6.46495555e+04  3.14153197e+06  8.91712845e+07
   6.51509166e+06  1.17377883e+07  2.26242608e+06  5.40758935e+06
   7.51849673e+04  9.75507473e+06  7.30413682e+04  7.13228913e+06
   4.66909091e+00  2.33210000e+02  6.68322727e+03  4.82753636e+02
   8.81132727e+02  1.69290909e+02  4.07031818e+02  5.77818182e+00
   7.29050000e+02  5.45181818e+00  5.32749091e+02  1.00854545e+03]
 [ 5.36500000e+03  7.79700000e+01  6.88100000e+03  1.07328000e+05
   5.94000000e+01  3.06000000e+01  1.00000000e+01  1.19000000e+01
   5.39800000e+03  0.00000000e+00  2.62778177e+07  7.64141336e+08
   3.72551080e+07  1.15388244e+08  1.42097884e+07  7.46502067e+07
   1.40438000e+05  7.43544585e+07  3.34001250e+05  5.88110521e+07
   0.00000000e+00  2.62730000e+02  7.64011000e+03  3.72490000e+02
   1.15369000e+03  1.42070000e+02  7.46380000e+02  1.40000000e+00
   7.43420000e+02  3.34000000e+00  5.88010000e+02  9.66000000e+02]
 [ 3.50800000e+03  9.70100000e+01  3.61600000e+03  5.19170000e+04
   6.37000000e+01  3.14000000e+01  4.80000000e+00  4.10000000e+00
   3.51700000e+03  2.37145000e+06  4.20763332e+06  3.51177130e+08
   2.10101156e+07  3.58948187e+07  3.68606592e+06  1.03880623e+07
   7.47401500e+05  2.89470685e+07  8.50455000e+05  2.07235118e+07
   4.67000000e+01  8.28500000e+01  6.91511000e+03  4.13720000e+02
   7.06810000e+02  7.25800000e+01  2.04550000e+02  1.47200000e+01
   5.70000000e+02  1.67500000e+01  4.08070000e+02  1.13000000e+03]]"
14,"[[ 7.50769231e+01  8.61138462e+01  8.39807692e+01  1.16526923e+03
   6.07942308e+01  3.21288462e+01  7.07884615e+00  7.20384615e+00
   7.54807692e+01  4.60668935e+04  7.17499230e+05  7.04171671e+06
   4.53764751e+05  1.23099467e+06  2.16059914e+05  4.84792958e+05
   1.23011456e+04  9.26081494e+05  1.58035292e+04  7.32194395e+05
   2.81798077e+01  8.38403269e+02  6.72911269e+03  4.73580000e+02
   1.22693962e+03  2.07954423e+02  4.84263654e+02  1.78553846e+01
   9.23965385e+02  1.58586538e+01  7.62862308e+02  8.23769231e+02]
 [ 5.36500000e+03  7.79700000e+01  6.88100000e+03  1.07328000e+05
   5.94000000e+01  3.06000000e+01  1.00000000e+01  1.19000000e+01
   5.39800000e+03  0.00000000e+00  2.62778177e+07  7.64141336e+08
   3.72551080e+07  1.15388244e+08  1.42097884e+07  7.46502067e+07
   1.40438000e+05  7.43544585e+07  3.34001250e+05  5.88110521e+07
   0.00000000e+00  2.62730000e+02  7.64011000e+03  3.72490000e+02
   1.15369000e+03  1.42070000e+02  7.46380000e+02  1.40000000e+00
   7.43420000e+02  3.34000000e+00  5.88010000e+02  9.66000000e+02]
 [ 1.93900000e+03  8.93942857e+01  2.17171429e+03  3.13295714e+04
   5.69857143e+01  3.46000000e+01  8.42857143e+00  8.82857143e+00
   1.93628571e+03  8.61464571e+03  4.43331892e+06  1.86642157e+08
   1.31613468e+07  2.27911974e+07  4.81459910e+06  1.02190728e+07
  -7.27595761e-12  2.04380377e+07  1.18407053e+05  1.34455893e+07
   2.77142857e-01  1.52455714e+02  6.41822286e+03  4.52562857e+02
   7.79487143e+02  1.65890000e+02  3.50775714e+02  0.00000000e+00
   7.02407143e+02  4.10285714e+00  4.61438571e+02  1.02414286e+03]
 [ 1.21560000e+04  8.59700000e+01  1.41400000e+04  1.95131000e+05
   6.85000000e+01  2.57000000e+01  5.70000000e+00  6.40000000e+00
   1.20230000e+04  0.00000000e+00  3.50533783e+07  1.14154916e+09
   1.00651772e+08  1.30025513e+08  2.40303381e+07  5.65975015e+07
   5.18729900e+04  1.49343570e+08  5.00072620e+05  1.13862760e+08
   0.00000000e+00  1.87360000e+02  6.10144000e+03  5.37970000e+02
   6.94970000e+02  1.28440000e+02  3.02510000e+02  2.80000000e-01
   7.98220000e+02  2.67000000e+00  6.08580000e+02  1.07700000e+03]
 [ 8.57625000e+02  8.99625000e+01  9.53500000e+02  1.46452500e+04
   5.72625000e+01  3.45125000e+01  8.23750000e+00  9.10000000e+00
   8.57250000e+02  8.88931387e+04  2.90230942e+06  9.36930733e+07
   6.17813899e+06  1.20616233e+07  2.30434572e+06  5.28771560e+06
   6.25683475e+04  1.00494190e+07  7.44327088e+04  7.66416634e+06
   6.42000000e+00  2.06752500e+02  6.79018625e+03  4.45260000e+02
   8.78417500e+02  1.66640000e+02  3.81547500e+02  4.65000000e+00
   7.25207500e+02  5.37250000e+00  5.54178750e+02  1.00962500e+03]
 [ 2.64800000e+03  8.98550000e+01  2.94950000e+03  4.35495000e+04
   5.94000000e+01  3.25500000e+01  8.10000000e+00  9.40000000e+00
   2.68550000e+03  0.00000000e+00  8.33725794e+06  2.65060596e+08
   1.44895332e+07  3.79314592e+07  6.40183979e+06  1.54350357e+07
   2.36053575e+05  2.84409376e+07  1.29697130e+05  2.35535142e+07
   0.00000000e+00  2.19690000e+02  6.72606000e+03  3.64400000e+02
   9.67235000e+02  1.63300000e+02  3.91420000e+02  6.54500000e+00
   7.20815000e+02  3.34500000e+00  6.10460000e+02  9.96000000e+02]
 [ 2.62900000e+03  8.22300000e+01  3.19700000e+03  5.70600000e+04
   5.29000000e+01  3.39000000e+01  1.32000000e+01  1.50000000e+01
   2.57700000e+03  9.65257660e+05  1.62330881e+07  5.36868464e+08
   5.36500020e+07  8.66166726e+07  5.76741371e+06  4.41090478e+07
   0.00000000e+00  4.00362518e+07  7.42209700e+04  3.28204403e+07
   1.87000000e+01  3.14470000e+02  1.04004000e+04  1.03933000e+03
   1.67797000e+03  1.11730000e+02  8.54500000e+02  0.00000000e+00
   7.75600000e+02  1.44000000e+00  6.35810000e+02  9.69000000e+02]
 [ 4.72111111e+02  9.20566667e+01  5.14333333e+02  7.92494444e+03
   6.20444444e+01  3.08277778e+01  7.12777778e+00  7.55000000e+00
   4.70777778e+02  2.49917272e+04  1.65365101e+06  4.86843610e+07
   2.87674019e+06  6.58855236e+06  1.28369925e+06  3.02670067e+06
   2.10361684e+05  5.17652810e+06  1.02230374e+05  3.81300989e+06
   4.25333333e+00  2.20811667e+02  6.46159278e+03  3.76418333e+02
   8.75769444e+02  1.71780556e+02  4.05402778e+02  2.86516667e+01
   6.89633889e+02  1.55433333e+01  5.10092778e+02  1.02844444e+03]
 [ 2.98695652e+02  9.27978261e+01  3.22260870e+02  4.76713043e+03
   5.93000000e+01  3.32130435e+01  7.47826087e+00  7.68695652e+00
   2.98130435e+02  1.88902848e+04  1.54254870e+06  2.99306911e+07
   1.77242405e+06  3.96487534e+06  7.72149640e+05  1.91606373e+06
   8.06452261e+03  3.10152122e+06  4.75561904e+04  2.74520598e+06
   4.16521739e+00  3.40727826e+02  6.60817130e+03  3.95524348e+02
   8.74283478e+02  1.70758261e+02  4.22074783e+02  1.77478261e+00
   6.85344348e+02  1.09213043e+01  6.15467391e+02  1.01295652e+03]
 [ 3.50800000e+03  9.70100000e+01  3.61600000e+03  5.19170000e+04
   6.37000000e+01  3.14000000e+01  4.80000000e+00  4.10000000e+00
   3.51700000e+03  2.37145000e+06  4.20763332e+06  3.51177130e+08
   2.10101156e+07  3.58948187e+07  3.68606592e+06  1.03880623e+07
   7.47401500e+05  2.89470685e+07  8.50455000e+05  2.07235118e+07
   4.67000000e+01  8.28500000e+01  6.91511000e+03  4.13720000e+02
   7.06810000e+02  7.25800000e+01  2.04550000e+02  1.47200000e+01
   5.70000000e+02  1.67500000e+01  4.08070000e+02  1.13000000e+03]
 [ 6.74200000e+03  8.71400000e+01  7.73700000e+03  9.95810000e+04
   6.21000000e+01  3.06000000e+01  7.30000000e+00  8.90000000e+00
   6.64000000e+03  0.00000000e+00  1.86462191e+07  6.79941359e+08
   8.10220868e+07  8.70513960e+07  1.53666266e+07  6.64590413e+07
   1.22791310e+05  6.02850892e+07  1.11322500e+04  5.36922598e+07
   0.00000000e+00  1.99280000e+02  7.26689000e+03  8.65930000e+02
   9.30360000e+02  1.64230000e+02  7.10280000e+02  1.31000000e+00
   6.44300000e+02  1.20000000e-01  5.73840000e+02  1.03300000e+03]
 [ 6.55090909e+02  9.00581818e+01  7.29727273e+02  1.12583636e+04
   6.09090909e+01  3.16636364e+01  7.43636364e+00  8.42727273e+00
   6.49545455e+02  0.00000000e+00  2.88826801e+06  6.84694296e+07
   5.44955499e+06  9.46988967e+06  1.80095612e+06  4.92391082e+06
   3.65149682e+04  7.88848482e+06  6.87563191e+04  5.83675917e+06
   0.00000000e+00  2.70600000e+02  6.58557727e+03  5.08569091e+02
   9.02443636e+02  1.71410000e+02  4.69453636e+02  3.04000000e+00
   7.56242727e+02  6.63818182e+00  5.61560000e+02  1.02581818e+03]
 [ 8.16200000e+03  9.02900000e+01  9.04000000e+03  1.19052000e+05
   6.47000000e+01  2.91000000e+01  6.20000000e+00  6.70000000e+00
   8.34400000e+03  0.00000000e+00  2.08119556e+07  8.23970271e+08
   4.01404656e+07  8.02575332e+07  1.77374517e+07  3.69784562e+07
   1.42454900e+04  7.69884557e+07  4.71236980e+05  5.58011743e+07
   0.00000000e+00  1.82270000e+02  7.21610000e+03  3.51540000e+02
   7.02870000e+02  1.55340000e+02  3.23850000e+02  1.20000000e-01
   6.74240000e+02  4.13000000e+00  4.88690000e+02  1.07600000e+03]
 [ 1.90361702e+02  9.12089362e+01  2.08829787e+02  3.03842553e+03
   5.85170213e+01  3.38851064e+01  7.59787234e+00  7.91489362e+00
   1.90744681e+02  8.98895213e+03  1.07349840e+06  1.82431642e+07
   1.02889550e+06  2.52006006e+06  4.98262749e+05  1.23039666e+06
   2.02456819e+04  2.00183917e+06  2.82165806e+04  1.67364914e+06
   2.68106383e+00  3.82212979e+02  6.36483979e+03  3.49482766e+02
   8.90001489e+02  1.74610426e+02  4.26276383e+02  7.14702128e+00
   7.03105532e+02  1.01508511e+01  5.82314894e+02  1.00295745e+03]
 [ 2.97700000e+03  8.50850000e+01  3.52100000e+03  5.29260000e+04
   6.02000000e+01  3.15000000e+01  8.30000000e+00  9.10000000e+00
   2.98000000e+03  4.89668833e+06  8.46707059e+06  2.95118856e+08
   2.75740781e+07  3.53727797e+07  5.82339373e+06  1.68133701e+07
   1.63093820e+05  3.10059106e+07  2.11835980e+05  2.47016455e+07
   1.13130000e+02  1.69550000e+02  6.09087500e+03  5.52755000e+02
   7.13165000e+02  1.18725000e+02  3.48955000e+02  3.77000000e+00
   6.30730000e+02  4.27000000e+00  5.07575000e+02  1.01850000e+03]
 [ 1.43575000e+03  8.87700000e+01  1.61250000e+03  2.22290000e+04
   6.00750000e+01  3.23250000e+01  7.60000000e+00  8.07500000e+00
   1.43625000e+03  1.50000000e+05  3.43505146e+06  1.37811088e+08
   1.15634690e+07  1.76018545e+07  3.44738145e+06  9.71333536e+06
   5.22175000e+03  1.57575272e+07  1.14267525e+05  9.90925315e+06
   7.13000000e+00  1.65702500e+02  6.63131000e+03  5.63117500e+02
   8.47540000e+02  1.65715000e+02  4.69037500e+02  2.47500000e-01
   7.55957500e+02  5.50500000e+00  4.78452500e+02  1.01625000e+03]]"
15,"[[ 2.71758621e+02  9.27962069e+01  2.93586207e+02  4.28706897e+03
   5.87000000e+01  3.36241379e+01  7.67586207e+00  7.91034483e+00
   2.72137931e+02  2.41362034e+04  1.36040744e+06  2.70652839e+07
   1.62975799e+06  3.49778587e+06  7.21540522e+05  1.68664377e+06
   2.59077652e+04  2.83288381e+06  4.30271948e+04  2.49276572e+06
   6.20965517e+00  3.36006207e+02  6.65743241e+03  4.02911724e+02
   8.57931724e+02  1.78702414e+02  4.12991379e+02  7.60172414e+00
   6.94421379e+02  1.06565517e+01  6.14154828e+02  1.01075862e+03]
 [ 5.36500000e+03  7.79700000e+01  6.88100000e+03  1.07328000e+05
   5.94000000e+01  3.06000000e+01  1.00000000e+01  1.19000000e+01
   5.39800000e+03  0.00000000e+00  2.62778177e+07  7.64141336e+08
   3.72551080e+07  1.15388244e+08  1.42097884e+07  7.46502067e+07
   1.40438000e+05  7.43544585e+07  3.34001250e+05  5.88110521e+07
   0.00000000e+00  2.62730000e+02  7.64011000e+03  3.72490000e+02
   1.15369000e+03  1.42070000e+02  7.46380000e+02  1.40000000e+00
   7.43420000e+02  3.34000000e+00  5.88010000e+02  9.66000000e+02]
 [ 2.97700000e+03  8.50850000e+01  3.52100000e+03  5.29260000e+04
   6.02000000e+01  3.15000000e+01  8.30000000e+00  9.10000000e+00
   2.98000000e+03  4.89668833e+06  8.46707059e+06  2.95118856e+08
   2.75740781e+07  3.53727797e+07  5.82339373e+06  1.68133701e+07
   1.63093820e+05  3.10059106e+07  2.11835980e+05  2.47016455e+07
   1.13130000e+02  1.69550000e+02  6.09087500e+03  5.52755000e+02
   7.13165000e+02  1.18725000e+02  3.48955000e+02  3.77000000e+00
   6.30730000e+02  4.27000000e+00  5.07575000e+02  1.01850000e+03]
 [ 1.21560000e+04  8.59700000e+01  1.41400000e+04  1.95131000e+05
   6.85000000e+01  2.57000000e+01  5.70000000e+00  6.40000000e+00
   1.20230000e+04  0.00000000e+00  3.50533783e+07  1.14154916e+09
   1.00651772e+08  1.30025513e+08  2.40303381e+07  5.65975015e+07
   5.18729900e+04  1.49343570e+08  5.00072620e+05  1.13862760e+08
   0.00000000e+00  1.87360000e+02  6.10144000e+03  5.37970000e+02
   6.94970000e+02  1.28440000e+02  3.02510000e+02  2.80000000e-01
   7.98220000e+02  2.67000000e+00  6.08580000e+02  1.07700000e+03]
 [ 1.60100000e+03  9.34900000e+01  1.71250000e+03  2.23665000e+04
   6.24000000e+01  3.12500000e+01  6.30000000e+00  5.90000000e+00
   1.59950000e+03  0.00000000e+00  2.55229029e+06  1.49734553e+08
   9.36207858e+06  1.66820910e+07  3.38644599e+06  1.09156261e+07
   0.00000000e+00  1.60886863e+07  1.06819555e+05  9.57954617e+06
   0.00000000e+00  1.19790000e+02  6.98478000e+03  4.44750000e+02
   7.74915000e+02  1.58235000e+02  5.12315000e+02  0.00000000e+00
   7.46710000e+02  4.97000000e+00  4.43045000e+02  1.08700000e+03]
 [ 2.62900000e+03  8.22300000e+01  3.19700000e+03  5.70600000e+04
   5.29000000e+01  3.39000000e+01  1.32000000e+01  1.50000000e+01
   2.57700000e+03  9.65257660e+05  1.62330881e+07  5.36868464e+08
   5.36500020e+07  8.66166726e+07  5.76741371e+06  4.41090478e+07
   0.00000000e+00  4.00362518e+07  7.42209700e+04  3.28204403e+07
   1.87000000e+01  3.14470000e+02  1.04004000e+04  1.03933000e+03
   1.67797000e+03  1.11730000e+02  8.54500000e+02  0.00000000e+00
   7.75600000e+02  1.44000000e+00  6.35810000e+02  9.69000000e+02]
 [ 8.17000000e+02  9.04430000e+01  9.03100000e+02  1.37392000e+04
   5.82100000e+01  3.39700000e+01  7.84000000e+00  8.53000000e+00
   8.14200000e+02  7.11145110e+04  3.00039139e+06  8.38728343e+07
   5.56397716e+06  1.11142146e+07  2.21126091e+06  5.36634685e+06
   7.52302250e+04  9.39834434e+06  7.08122480e+04  6.84743325e+06
   5.13600000e+00  2.31627000e+02  6.47013900e+03  4.26236000e+02
   8.56920000e+02  1.70662000e+02  4.20159000e+02  5.89800000e+00
   7.24876000e+02  5.48500000e+00  5.29087000e+02  1.01560000e+03]
 [ 7.27800000e+01  8.57694000e+01  8.17400000e+01  1.11900000e+03
   6.07880000e+01  3.21080000e+01  7.10600000e+00  7.16200000e+00
   7.31200000e+01  4.79095692e+04  7.04707545e+05  6.84671590e+06
   4.42136204e+05  1.20489615e+06  2.12609452e+05  4.72802902e+05
   1.27931914e+04  8.99351071e+05  1.58579142e+04  7.10146690e+05
   2.93070000e+01  8.52455000e+02  6.77403420e+03  4.78553800e+02
   1.24068880e+03  2.10580000e+02  4.88913800e+02  1.85696000e+01
   9.30954600e+02  1.62210000e+01  7.69255800e+02  8.17760000e+02]
 [ 6.74200000e+03  8.71400000e+01  7.73700000e+03  9.95810000e+04
   6.21000000e+01  3.06000000e+01  7.30000000e+00  8.90000000e+00
   6.64000000e+03  0.00000000e+00  1.86462191e+07  6.79941359e+08
   8.10220868e+07  8.70513960e+07  1.53666266e+07  6.64590413e+07
   1.22791310e+05  6.02850892e+07  1.11322500e+04  5.36922598e+07
   0.00000000e+00  1.99280000e+02  7.26689000e+03  8.65930000e+02
   9.30360000e+02  1.64230000e+02  7.10280000e+02  1.31000000e+00
   6.44300000e+02  1.20000000e-01  5.73840000e+02  1.03300000e+03]
 [ 8.16200000e+03  9.02900000e+01  9.04000000e+03  1.19052000e+05
   6.47000000e+01  2.91000000e+01  6.20000000e+00  6.70000000e+00
   8.34400000e+03  0.00000000e+00  2.08119556e+07  8.23970271e+08
   4.01404656e+07  8.02575332e+07  1.77374517e+07  3.69784562e+07
   1.42454900e+04  7.69884557e+07  4.71236980e+05  5.58011743e+07
   0.00000000e+00  1.82270000e+02  7.21610000e+03  3.51540000e+02
   7.02870000e+02  1.55340000e+02  3.23850000e+02  1.20000000e-01
   6.74240000e+02  4.13000000e+00  4.88690000e+02  1.07600000e+03]
 [ 5.75538462e+02  9.13915385e+01  6.30615385e+02  9.73553846e+03
   6.19923077e+01  3.13076923e+01  6.70769231e+00  7.37692308e+00
   5.75461538e+02  5.72435385e+02  2.11648095e+06  6.04547687e+07
   4.33552151e+06  7.94340236e+06  1.51617932e+06  3.78793159e+06
   5.78283000e+03  6.51288226e+06  6.48838585e+04  4.89821856e+06
   7.00000000e-02  2.29640769e+02  6.61460077e+03  4.73545385e+02
   8.65576154e+02  1.65392308e+02  4.13262308e+02  5.44615385e-01
   7.09909231e+02  7.17230769e+00  5.34553077e+02  1.04023077e+03]
 [ 2.64800000e+03  8.98550000e+01  2.94950000e+03  4.35495000e+04
   5.94000000e+01  3.25500000e+01  8.10000000e+00  9.40000000e+00
   2.68550000e+03  0.00000000e+00  8.33725794e+06  2.65060596e+08
   1.44895332e+07  3.79314592e+07  6.40183979e+06  1.54350357e+07
   2.36053575e+05  2.84409376e+07  1.29697130e+05  2.35535142e+07
   0.00000000e+00  2.19690000e+02  6.72606000e+03  3.64400000e+02
   9.67235000e+02  1.63300000e+02  3.91420000e+02  6.54500000e+00
   7.20815000e+02  3.34500000e+00  6.10460000e+02  9.96000000e+02]
 [ 1.93900000e+03  8.93942857e+01  2.17171429e+03  3.13295714e+04
   5.69857143e+01  3.46000000e+01  8.42857143e+00  8.82857143e+00
   1.93628571e+03  8.61464571e+03  4.43331892e+06  1.86642157e+08
   1.31613468e+07  2.27911974e+07  4.81459910e+06  1.02190728e+07
  -7.27595761e-12  2.04380377e+07  1.18407053e+05  1.34455893e+07
   2.77142857e-01  1.52455714e+02  6.41822286e+03  4.52562857e+02
   7.79487143e+02  1.65890000e+02  3.50775714e+02  0.00000000e+00
   7.02407143e+02  4.10285714e+00  4.61438571e+02  1.02414286e+03]
 [ 1.07100000e+03  8.41650000e+01  1.27000000e+03  1.88282500e+04
   5.90750000e+01  3.21250000e+01  8.82500000e+00  1.02000000e+01
   1.06825000e+03  1.50000000e+05  4.16779645e+06  1.16454818e+08
   1.20913504e+07  1.65693026e+07  2.96608301e+06  7.73059658e+06
   2.39048475e+04  1.32939281e+07  1.05689090e+05  9.86533055e+06
   7.13000000e+00  2.42342500e+02  6.87563750e+03  7.05297500e+02
   9.81055000e+02  1.69717500e+02  4.54152500e+02  1.39250000e+00
   7.67260000e+02  6.09250000e+00  5.91272500e+02  9.60500000e+02]
 [ 1.76575000e+02  9.08992500e+01  1.94650000e+02  2.87305000e+03
   5.83525000e+01  3.40325000e+01  7.61000000e+00  8.01250000e+00
   1.76775000e+02  3.92518500e+03  1.05094760e+06  1.68411239e+07
   9.43291014e+05  2.41256521e+06  4.54593350e+05  1.17432309e+06
   9.64264700e+03  1.89538164e+06  2.72341662e+04  1.60073551e+06
   1.04325000e+00  3.96124500e+02  6.24616150e+03  3.38981500e+02
   9.03397500e+02  1.69443250e+02  4.29327000e+02  3.90700000e+00
   7.07525500e+02  1.03495000e+01  5.88407000e+02  9.97850000e+02]
 [ 3.50800000e+03  9.70100000e+01  3.61600000e+03  5.19170000e+04
   6.37000000e+01  3.14000000e+01  4.80000000e+00  4.10000000e+00
   3.51700000e+03  2.37145000e+06  4.20763332e+06  3.51177130e+08
   2.10101156e+07  3.58948187e+07  3.68606592e+06  1.03880623e+07
   7.47401500e+05  2.89470685e+07  8.50455000e+05  2.07235118e+07
   4.67000000e+01  8.28500000e+01  6.91511000e+03  4.13720000e+02
   7.06810000e+02  7.25800000e+01  2.04550000e+02  1.47200000e+01
   5.70000000e+02  1.67500000e+01  4.08070000e+02  1.13000000e+03]
 [ 4.20533333e+02  9.26560000e+01  4.55733333e+02  7.09440000e+03
   6.23866667e+01  3.04200000e+01  7.18666667e+00  7.68666667e+00
   4.17000000e+02  2.94939620e+04  1.71462150e+06  4.34314899e+07
   2.26216548e+06  6.07192242e+06  1.15701705e+06  2.78133895e+06
   2.52434021e+05  4.66756791e+06  1.04846273e+05  3.40437858e+06
   5.04333333e+00  2.62886667e+02  6.45793333e+03  3.35514667e+02
   9.00105333e+02  1.72009333e+02  4.20228667e+02  3.43820000e+01
   6.92376000e+02  1.69506667e+01  5.06577333e+02  1.02680000e+03]]"
16,"[[7.40588235e+01 8.59158824e+01 8.30392157e+01 1.14419608e+03
  6.06431373e+01 3.22215686e+01 7.13725490e+00 7.23921569e+00
  7.44509804e+01 4.69701659e+04 7.14148136e+05 6.94011939e+06
  4.51607761e+05 1.22844328e+06 2.13858491e+05 4.82715820e+05
  1.25423445e+04 9.15326664e+05 1.57856351e+04 7.23595899e+05
  2.87323529e+01 8.46563137e+02 6.74714431e+03 4.77611961e+02
  1.23831255e+03 2.08972157e+02 4.88253922e+02 1.82054902e+01
  9.28340392e+02 1.60139216e+01 7.66910196e+02 8.20098039e+02]
 [5.36500000e+03 7.79700000e+01 6.88100000e+03 1.07328000e+05
  5.94000000e+01 3.06000000e+01 1.00000000e+01 1.19000000e+01
  5.39800000e+03 0.00000000e+00 2.62778177e+07 7.64141336e+08
  3.72551080e+07 1.15388244e+08 1.42097884e+07 7.46502067e+07
  1.40438000e+05 7.43544585e+07 3.34001250e+05 5.88110521e+07
  0.00000000e+00 2.62730000e+02 7.64011000e+03 3.72490000e+02
  1.15369000e+03 1.42070000e+02 7.46380000e+02 1.40000000e+00
  7.43420000e+02 3.34000000e+00 5.88010000e+02 9.66000000e+02]
 [1.07100000e+03 8.41650000e+01 1.27000000e+03 1.88282500e+04
  5.90750000e+01 3.21250000e+01 8.82500000e+00 1.02000000e+01
  1.06825000e+03 1.50000000e+05 4.16779645e+06 1.16454818e+08
  1.20913504e+07 1.65693026e+07 2.96608301e+06 7.73059658e+06
  2.39048475e+04 1.32939281e+07 1.05689090e+05 9.86533055e+06
  7.13000000e+00 2.42342500e+02 6.87563750e+03 7.05297500e+02
  9.81055000e+02 1.69717500e+02 4.54152500e+02 1.39250000e+00
  7.67260000e+02 6.09250000e+00 5.91272500e+02 9.60500000e+02]
 [2.97700000e+03 8.50850000e+01 3.52100000e+03 5.29260000e+04
  6.02000000e+01 3.15000000e+01 8.30000000e+00 9.10000000e+00
  2.98000000e+03 4.89668833e+06 8.46707059e+06 2.95118856e+08
  2.75740781e+07 3.53727797e+07 5.82339373e+06 1.68133701e+07
  1.63093820e+05 3.10059106e+07 2.11835980e+05 2.47016455e+07
  1.13130000e+02 1.69550000e+02 6.09087500e+03 5.52755000e+02
  7.13165000e+02 1.18725000e+02 3.48955000e+02 3.77000000e+00
  6.30730000e+02 4.27000000e+00 5.07575000e+02 1.01850000e+03]
 [1.21560000e+04 8.59700000e+01 1.41400000e+04 1.95131000e+05
  6.85000000e+01 2.57000000e+01 5.70000000e+00 6.40000000e+00
  1.20230000e+04 0.00000000e+00 3.50533783e+07 1.14154916e+09
  1.00651772e+08 1.30025513e+08 2.40303381e+07 5.65975015e+07
  5.18729900e+04 1.49343570e+08 5.00072620e+05 1.13862760e+08
  0.00000000e+00 1.87360000e+02 6.10144000e+03 5.37970000e+02
  6.94970000e+02 1.28440000e+02 3.02510000e+02 2.80000000e-01
  7.98220000e+02 2.67000000e+00 6.08580000e+02 1.07700000e+03]
 [2.62900000e+03 8.22300000e+01 3.19700000e+03 5.70600000e+04
  5.29000000e+01 3.39000000e+01 1.32000000e+01 1.50000000e+01
  2.57700000e+03 9.65257660e+05 1.62330881e+07 5.36868464e+08
  5.36500020e+07 8.66166726e+07 5.76741371e+06 4.41090478e+07
  0.00000000e+00 4.00362518e+07 7.42209700e+04 3.28204403e+07
  1.87000000e+01 3.14470000e+02 1.04004000e+04 1.03933000e+03
  1.67797000e+03 1.11730000e+02 8.54500000e+02 0.00000000e+00
  7.75600000e+02 1.44000000e+00 6.35810000e+02 9.69000000e+02]
 [2.71000000e+02 9.26792857e+01 2.93178571e+02 4.25653571e+03
  5.89178571e+01 3.34607143e+01 7.62142857e+00 7.88214286e+00
  2.71250000e+02 2.49982107e+04 1.34437117e+06 2.67831920e+07
  1.62292006e+06 3.48717600e+06 7.13892334e+05 1.62490748e+06
  2.76187568e+04 2.80084835e+06 4.31334632e+04 2.48782589e+06
  6.43142857e+00 3.34818214e+02 6.64035929e+03 4.04027143e+02
  8.60912857e+02 1.78264643e+02 4.02848571e+02 8.03357143e+00
  6.92036429e+02 1.07453571e+01 6.16911786e+02 1.01039286e+03]
 [1.91050000e+03 8.79225000e+01 2.17775000e+03 3.02750000e+04
  5.60500000e+01 3.50750000e+01 8.87500000e+00 9.40000000e+00
  1.89275000e+03 0.00000000e+00 4.71313514e+06 1.77521768e+08
  1.25939857e+07 2.16308435e+07 4.75247668e+06 9.06219275e+06
  0.00000000e+00 2.02370864e+07 1.73764323e+05 1.27099068e+07
  0.00000000e+00 1.66605000e+02 6.32347000e+03 4.49097500e+02
  7.63710000e+02 1.69610000e+02 3.22257500e+02 0.00000000e+00
  7.17475000e+02 6.08500000e+00 4.51497500e+02 1.01650000e+03]
 [5.86214286e+02 9.10657143e+01 6.45214286e+02 9.93285714e+03
  6.17285714e+01 3.14428571e+01 6.84285714e+00 7.55000000e+00
  5.85214286e+02 5.31547143e+02 2.21406251e+06 6.12714451e+07
  4.36937326e+06 8.18033429e+06 1.55599654e+06 4.09452809e+06
  5.36977071e+03 6.69057624e+06 6.62487829e+04 5.19138537e+06
  6.50000000e-02 2.34459286e+02 6.58018357e+03 4.69027143e+02
  8.72365714e+02 1.66214286e+02 4.32981429e+02 5.05714286e-01
  7.14047143e+02 7.17214286e+00 5.51227857e+02 1.03828571e+03]
 [3.50800000e+03 9.70100000e+01 3.61600000e+03 5.19170000e+04
  6.37000000e+01 3.14000000e+01 4.80000000e+00 4.10000000e+00
  3.51700000e+03 2.37145000e+06 4.20763332e+06 3.51177130e+08
  2.10101156e+07 3.58948187e+07 3.68606592e+06 1.03880623e+07
  7.47401500e+05 2.89470685e+07 8.50455000e+05 2.07235118e+07
  4.67000000e+01 8.28500000e+01 6.91511000e+03 4.13720000e+02
  7.06810000e+02 7.25800000e+01 2.04550000e+02 1.47200000e+01
  5.70000000e+02 1.67500000e+01 4.08070000e+02 1.13000000e+03]
 [6.74200000e+03 8.71400000e+01 7.73700000e+03 9.95810000e+04
  6.21000000e+01 3.06000000e+01 7.30000000e+00 8.90000000e+00
  6.64000000e+03 0.00000000e+00 1.86462191e+07 6.79941359e+08
  8.10220868e+07 8.70513960e+07 1.53666266e+07 6.64590413e+07
  1.22791310e+05 6.02850892e+07 1.11322500e+04 5.36922598e+07
  0.00000000e+00 1.99280000e+02 7.26689000e+03 8.65930000e+02
  9.30360000e+02 1.64230000e+02 7.10280000e+02 1.31000000e+00
  6.44300000e+02 1.20000000e-01 5.73840000e+02 1.03300000e+03]
 [8.16200000e+03 9.02900000e+01 9.04000000e+03 1.19052000e+05
  6.47000000e+01 2.91000000e+01 6.20000000e+00 6.70000000e+00
  8.34400000e+03 0.00000000e+00 2.08119556e+07 8.23970271e+08
  4.01404656e+07 8.02575332e+07 1.77374517e+07 3.69784562e+07
  1.42454900e+04 7.69884557e+07 4.71236980e+05 5.58011743e+07
  0.00000000e+00 1.82270000e+02 7.21610000e+03 3.51540000e+02
  7.02870000e+02 1.55340000e+02 3.23850000e+02 1.20000000e-01
  6.74240000e+02 4.13000000e+00 4.88690000e+02 1.07600000e+03]
 [4.12562500e+02 9.28693750e+01 4.46312500e+02 6.97237500e+03
  6.17750000e+01 3.09062500e+01 7.31250000e+00 7.75000000e+00
  4.09500000e+02 2.76505894e+04 1.72054660e+06 4.29022627e+07
  2.23460640e+06 5.92960617e+06 1.14318409e+06 2.82095901e+06
  2.35281895e+05 4.60896221e+06 1.00796611e+05 3.35604747e+06
  4.72812500e+00 2.69535625e+02 6.50028000e+03 3.37775000e+02
  8.92252500e+02 1.73193750e+02 4.37526250e+02 3.19525000e+01
  6.96677500e+02 1.64018750e+01 5.08476250e+02 1.02643750e+03]
 [8.27222222e+02 9.08444444e+01 9.10666667e+02 1.38771111e+04
  5.82000000e+01 3.40555556e+01 7.75555556e+00 8.38888889e+00
  8.25555556e+02 7.90161233e+04 2.94681013e+06 8.52044562e+07
  5.64781395e+06 1.10979663e+07 2.22655430e+06 5.06479843e+06
  8.35891389e+04 9.44253838e+06 6.93477422e+04 6.60797539e+06
  5.70666667e+00 2.24352222e+02 6.50762556e+03 4.28007778e+02
  8.45396667e+02 1.69968889e+02 3.90251111e+02 6.55333333e+00
  7.20102222e+02 5.29777778e+00 5.02541111e+02 1.01588889e+03]
 [1.77564103e+02 9.08392308e+01 1.95846154e+02 2.88507692e+03
  5.84794872e+01 3.39333333e+01 7.58205128e+00 7.93333333e+00
  1.77692308e+02 4.02583077e+03 1.04748016e+06 1.69752477e+07
  9.43755254e+05 2.41273868e+06 4.59164706e+05 1.17934775e+06
  9.88989436e+03 1.90002973e+06 2.76203838e+04 1.60598370e+06
  1.07000000e+00 3.92128462e+02 6.26779000e+03 3.36634359e+02
  8.97856410e+02 1.70491026e+02 4.28662051e+02 4.00717949e+00
  7.05215128e+02 1.04697436e+01 5.86837179e+02 9.99410256e+02]
 [1.60100000e+03 9.34900000e+01 1.71250000e+03 2.23665000e+04
  6.24000000e+01 3.12500000e+01 6.30000000e+00 5.90000000e+00
  1.59950000e+03 0.00000000e+00 2.55229029e+06 1.49734553e+08
  9.36207858e+06 1.66820910e+07 3.38644599e+06 1.09156261e+07
  0.00000000e+00 1.60886863e+07 1.06819555e+05 9.57954617e+06
  0.00000000e+00 1.19790000e+02 6.98478000e+03 4.44750000e+02
  7.74915000e+02 1.58235000e+02 5.12315000e+02 0.00000000e+00
  7.46710000e+02 4.97000000e+00 4.43045000e+02 1.08700000e+03]
 [2.64800000e+03 8.98550000e+01 2.94950000e+03 4.35495000e+04
  5.94000000e+01 3.25500000e+01 8.10000000e+00 9.40000000e+00
  2.68550000e+03 0.00000000e+00 8.33725794e+06 2.65060596e+08
  1.44895332e+07 3.79314592e+07 6.40183979e+06 1.54350357e+07
  2.36053575e+05 2.84409376e+07 1.29697130e+05 2.35535142e+07
  0.00000000e+00 2.19690000e+02 6.72606000e+03 3.64400000e+02
  9.67235000e+02 1.63300000e+02 3.91420000e+02 6.54500000e+00
  7.20815000e+02 3.34500000e+00 6.10460000e+02 9.96000000e+02]
 [1.97700000e+03 9.13566667e+01 2.16366667e+03 3.27356667e+04
  5.82333333e+01 3.39666667e+01 7.83333333e+00 8.06666667e+00
  1.99433333e+03 2.01008400e+04 4.06023063e+06 1.98802675e+08
  1.39178282e+07 2.43383358e+07 4.89742900e+06 1.17615795e+07
  7.27595761e-12 2.07059728e+07 4.45973600e+04 1.44264993e+07
  6.46666667e-01 1.33590000e+02 6.54456000e+03 4.57183333e+02
  8.00523333e+02 1.60930000e+02 3.88800000e+02 1.77635684e-15
  6.82316667e+02 1.46000000e+00 4.74693333e+02 1.03433333e+03]]"
17,"[[ 2.39484848e+02  9.21496970e+01  2.60212121e+02  3.85630303e+03
   5.79181818e+01  3.41909091e+01  7.88484848e+00  8.16060606e+00
   2.40181818e+02  2.58386433e+04  1.20198741e+06  2.36838582e+07
   1.47221973e+06  3.15589750e+06  6.31896271e+05  1.50391663e+06
   2.49807133e+04  2.47379487e+06  3.81776564e+04  2.17615644e+06
   6.67606061e+00  3.33646970e+02  6.49687182e+03  4.02035455e+02
   8.65553333e+02  1.73815758e+02  4.07889091e+02  7.43030303e+00
   6.77683636e+02  1.02833333e+01  5.99293030e+02  1.00512121e+03]
 [ 2.62900000e+03  8.22300000e+01  3.19700000e+03  5.70600000e+04
   5.29000000e+01  3.39000000e+01  1.32000000e+01  1.50000000e+01
   2.57700000e+03  9.65257660e+05  1.62330881e+07  5.36868464e+08
   5.36500020e+07  8.66166726e+07  5.76741371e+06  4.41090478e+07
   0.00000000e+00  4.00362518e+07  7.42209700e+04  3.28204403e+07
   1.87000000e+01  3.14470000e+02  1.04004000e+04  1.03933000e+03
   1.67797000e+03  1.11730000e+02  8.54500000e+02  0.00000000e+00
   7.75600000e+02  1.44000000e+00  6.35810000e+02  9.69000000e+02]
 [ 1.91050000e+03  8.79225000e+01  2.17775000e+03  3.02750000e+04
   5.60500000e+01  3.50750000e+01  8.87500000e+00  9.40000000e+00
   1.89275000e+03  0.00000000e+00  4.71313514e+06  1.77521768e+08
   1.25939857e+07  2.16308435e+07  4.75247668e+06  9.06219275e+06
   0.00000000e+00  2.02370864e+07  1.73764323e+05  1.27099068e+07
   0.00000000e+00  1.66605000e+02  6.32347000e+03  4.49097500e+02
   7.63710000e+02  1.69610000e+02  3.22257500e+02  0.00000000e+00
   7.17475000e+02  6.08500000e+00  4.51497500e+02  1.01650000e+03]
 [ 8.16200000e+03  9.02900000e+01  9.04000000e+03  1.19052000e+05
   6.47000000e+01  2.91000000e+01  6.20000000e+00  6.70000000e+00
   8.34400000e+03  0.00000000e+00  2.08119556e+07  8.23970271e+08
   4.01404656e+07  8.02575332e+07  1.77374517e+07  3.69784562e+07
   1.42454900e+04  7.69884557e+07  4.71236980e+05  5.58011743e+07
   0.00000000e+00  1.82270000e+02  7.21610000e+03  3.51540000e+02
   7.02870000e+02  1.55340000e+02  3.23850000e+02  1.20000000e-01
   6.74240000e+02  4.13000000e+00  4.88690000e+02  1.07600000e+03]
 [ 1.21560000e+04  8.59700000e+01  1.41400000e+04  1.95131000e+05
   6.85000000e+01  2.57000000e+01  5.70000000e+00  6.40000000e+00
   1.20230000e+04  0.00000000e+00  3.50533783e+07  1.14154916e+09
   1.00651772e+08  1.30025513e+08  2.40303381e+07  5.65975015e+07
   5.18729900e+04  1.49343570e+08  5.00072620e+05  1.13862760e+08
   0.00000000e+00  1.87360000e+02  6.10144000e+03  5.37970000e+02
   6.94970000e+02  1.28440000e+02  3.02510000e+02  2.80000000e-01
   7.98220000e+02  2.67000000e+00  6.08580000e+02  1.07700000e+03]
 [ 1.22766667e+03  8.47400000e+01  1.45033333e+03  2.06373333e+04
   5.86333333e+01  3.27333333e+01  8.63333333e+00  9.96666667e+00
   1.22966667e+03  2.00000000e+05  4.54591818e+06  1.20761753e+08
   1.27007941e+07  1.65729236e+07  3.28781654e+06  8.17204686e+06
   3.18731300e+04  1.45095155e+07  1.16448247e+05  9.87004035e+06
   9.50666667e+00  2.43350000e+02  6.44473000e+03  6.70493333e+02
   8.72610000e+02  1.73670000e+02  4.37063333e+02  1.85666667e+00
   7.69306667e+02  6.19333333e+00  5.29290000e+02  9.58333333e+02]
 [ 2.64800000e+03  8.98550000e+01  2.94950000e+03  4.35495000e+04
   5.94000000e+01  3.25500000e+01  8.10000000e+00  9.40000000e+00
   2.68550000e+03  0.00000000e+00  8.33725794e+06  2.65060596e+08
   1.44895332e+07  3.79314592e+07  6.40183979e+06  1.54350357e+07
   2.36053575e+05  2.84409376e+07  1.29697130e+05  2.35535142e+07
   0.00000000e+00  2.19690000e+02  6.72606000e+03  3.64400000e+02
   9.67235000e+02  1.63300000e+02  3.91420000e+02  6.54500000e+00
   7.20815000e+02  3.34500000e+00  6.10460000e+02  9.96000000e+02]
 [ 6.40200000e+02  9.04740000e+01  7.09100000e+02  1.09093000e+04
   6.04000000e+01  3.23000000e+01  7.31000000e+00  8.30000000e+00
   6.37800000e+02 -1.45519152e-11  2.66865035e+06  6.73822998e+07
   4.69296644e+06  8.96983597e+06  1.72878791e+06  4.96348127e+06
   4.01664650e+04  7.63522833e+06  6.67301030e+04  5.87230206e+06
  -1.77635684e-15  2.60348000e+02  6.66190300e+03  4.63914000e+02
   8.86499000e+02  1.70039000e+02  4.83169000e+02  3.34400000e+00
   7.55393000e+02  6.64900000e+00  5.77492000e+02  1.03720000e+03]
 [ 1.57781250e+02  9.11871875e+01  1.73687500e+02  2.54821875e+03
   5.93750000e+01  3.33625000e+01  7.26562500e+00  7.64062500e+00
   1.57718750e+02  6.87847544e+04  9.95375845e+05  1.50781861e+07
   7.75408655e+05  2.15038971e+06  4.15605766e+05  1.06948958e+06
   9.17982906e+03  1.72586927e+06  2.94932203e+04  1.37542518e+06
   4.05706250e+01  4.21556562e+02  6.30848969e+03  3.20581875e+02
   9.06954375e+02  1.74115000e+02  4.36758438e+02  4.02875000e+00
   7.24659375e+02  1.29250000e+01  5.65400938e+02  9.95062500e+02]
 [ 6.74200000e+03  8.71400000e+01  7.73700000e+03  9.95810000e+04
   6.21000000e+01  3.06000000e+01  7.30000000e+00  8.90000000e+00
   6.64000000e+03  0.00000000e+00  1.86462191e+07  6.79941359e+08
   8.10220868e+07  8.70513960e+07  1.53666266e+07  6.64590413e+07
   1.22791310e+05  6.02850892e+07  1.11322500e+04  5.36922598e+07
   0.00000000e+00  1.99280000e+02  7.26689000e+03  8.65930000e+02
   9.30360000e+02  1.64230000e+02  7.10280000e+02  1.31000000e+00
   6.44300000e+02  1.20000000e-01  5.73840000e+02  1.03300000e+03]
 [ 1.97700000e+03  9.13566667e+01  2.16366667e+03  3.27356667e+04
   5.82333333e+01  3.39666667e+01  7.83333333e+00  8.06666667e+00
   1.99433333e+03  2.01008400e+04  4.06023063e+06  1.98802675e+08
   1.39178282e+07  2.43383358e+07  4.89742900e+06  1.17615795e+07
   7.27595761e-12  2.07059728e+07  4.45973600e+04  1.44264993e+07
   6.46666667e-01  1.33590000e+02  6.54456000e+03  4.57183333e+02
   8.00523333e+02  1.60930000e+02  3.88800000e+02  1.77635684e-15
   6.82316667e+02  1.46000000e+00  4.74693333e+02  1.03433333e+03]
 [ 3.50800000e+03  9.70100000e+01  3.61600000e+03  5.19170000e+04
   6.37000000e+01  3.14000000e+01  4.80000000e+00  4.10000000e+00
   3.51700000e+03  2.37145000e+06  4.20763332e+06  3.51177130e+08
   2.10101156e+07  3.58948187e+07  3.68606592e+06  1.03880623e+07
   7.47401500e+05  2.89470685e+07  8.50455000e+05  2.07235118e+07
   4.67000000e+01  8.28500000e+01  6.91511000e+03  4.13720000e+02
   7.06810000e+02  7.25800000e+01  2.04550000e+02  1.47200000e+01
   5.70000000e+02  1.67500000e+01  4.08070000e+02  1.13000000e+03]
 [ 5.36500000e+03  7.79700000e+01  6.88100000e+03  1.07328000e+05
   5.94000000e+01  3.06000000e+01  1.00000000e+01  1.19000000e+01
   5.39800000e+03  0.00000000e+00  2.62778177e+07  7.64141336e+08
   3.72551080e+07  1.15388244e+08  1.42097884e+07  7.46502067e+07
   1.40438000e+05  7.43544585e+07  3.34001250e+05  5.88110521e+07
   0.00000000e+00  2.62730000e+02  7.64011000e+03  3.72490000e+02
   1.15369000e+03  1.42070000e+02  7.46380000e+02  1.40000000e+00
   7.43420000e+02  3.34000000e+00  5.88010000e+02  9.66000000e+02]
 [ 8.15375000e+02  8.99350000e+01  9.04750000e+02  1.42727500e+04
   5.79625000e+01  3.37500000e+01  8.31250000e+00  9.13750000e+00
   8.10250000e+02  8.88931387e+04  2.91259884e+06  8.97969128e+07
   6.48348613e+06  1.22859848e+07  2.26382352e+06  4.91698498e+06
   5.32267988e+04  9.76757391e+06  7.23208000e+04  7.20780752e+06
   6.42000000e+00  2.15040000e+02  6.67066250e+03  4.83586250e+02
   9.13966250e+02  1.67952500e+02  3.65626250e+02  4.07750000e+00
   7.23611250e+02  5.37625000e+00  5.34440000e+02  1.00062500e+03]
 [ 3.64333333e+02  9.33920000e+01  3.90466667e+02  5.81420000e+03
   6.19066667e+01  3.12133333e+01  6.87333333e+00  7.42000000e+00
   3.63666667e+02  5.37915200e+03  1.78599691e+06  3.63386937e+07
   1.88884264e+06  4.85953195e+06  9.29968631e+05  2.33163071e+06
   1.08920132e+05  3.81759776e+06  3.77305260e+04  3.37890771e+06
   8.54666667e-01  3.35480000e+02  6.59243267e+03  3.45931333e+02
   8.81796000e+02  1.68499333e+02  4.22418000e+02  1.69926667e+01
   6.94954667e+02  6.83666667e+00  6.20532000e+02  1.02606667e+03]
 [ 4.98000000e+02  9.15076923e+01  5.45692308e+02  8.38738462e+03
   6.20846154e+01  3.09461538e+01  6.96923077e+00  7.17692308e+00
   4.95538462e+02  2.83972162e+04  1.69479699e+06  5.16319863e+07
   3.25940285e+06  6.97450205e+06  1.36464824e+06  3.15968776e+06
   1.67285257e+05  5.49361674e+06  1.27899392e+05  3.74611755e+06
   4.90307692e+00  2.12416154e+02  6.47688154e+03  4.08573846e+02
   8.75322308e+02  1.72922308e+02  3.98471538e+02  2.04084615e+01
   6.92095385e+02  1.93600000e+01  4.66340000e+02  1.03407692e+03]
 [ 2.97700000e+03  8.50850000e+01  3.52100000e+03  5.29260000e+04
   6.02000000e+01  3.15000000e+01  8.30000000e+00  9.10000000e+00
   2.98000000e+03  4.89668833e+06  8.46707059e+06  2.95118856e+08
   2.75740781e+07  3.53727797e+07  5.82339373e+06  1.68133701e+07
   1.63093820e+05  3.10059106e+07  2.11835980e+05  2.47016455e+07
   1.13130000e+02  1.69550000e+02  6.09087500e+03  5.52755000e+02
   7.13165000e+02  1.18725000e+02  3.48955000e+02  3.77000000e+00
   6.30730000e+02  4.27000000e+00  5.07575000e+02  1.01850000e+03]
 [ 1.60100000e+03  9.34900000e+01  1.71250000e+03  2.23665000e+04
   6.24000000e+01  3.12500000e+01  6.30000000e+00  5.90000000e+00
   1.59950000e+03  0.00000000e+00  2.55229029e+06  1.49734553e+08
   9.36207858e+06  1.66820910e+07  3.38644599e+06  1.09156261e+07
   0.00000000e+00  1.60886863e+07  1.06819555e+05  9.57954617e+06
   0.00000000e+00  1.19790000e+02  6.98478000e+03  4.44750000e+02
   7.74915000e+02  1.58235000e+02  5.12315000e+02  0.00000000e+00
   7.46710000e+02  4.97000000e+00  4.43045000e+02  1.08700000e+03]
 [ 7.08085106e+01  8.52489362e+01  7.99148936e+01  1.07751064e+03
   6.05382979e+01  3.22489362e+01  7.21489362e+00  7.25319149e+00
   7.12978723e+01  4.22656149e+03  6.95080788e+05  6.55227396e+06
   4.34036745e+05  1.18557503e+06  2.05905849e+05  4.61375274e+05
   1.35440972e+04  8.76832787e+05  1.38214094e+04  7.08502588e+05
   3.58702128e+00  8.74011915e+02  6.76603298e+03  4.87196170e+02
   1.26194404e+03  2.11845319e+02  4.95077872e+02  1.97153191e+01
   9.42431277e+02  1.54368085e+01  7.90109787e+02  8.07234043e+02]]"
