SCHOOL_DSTRCT_CD,SCHOOL_DSTRCT_NM,2020-21 5 year grad rate PROGRAM_TOTAL,2020-21 5 year grad rate PROGRAM_PERCENT,2020-21 5 year grad rate TOTAL_COUNT,2020-21 Attendance  STUDENT_COUNT_ALL,2020-21 Attendance FIVE_OR_FEWER_PERCENT_ALL,2020-21 Attendance SIX_TO_FIFTEEN_PERCENT_ALL,2020-21 Attendance OVER_15_PERCENT_ALL,2020-21 Attendance CHRONIC_ABSENT_PERC_ALL,2021-22 Completers PROGRAM_TOTAL,2020-21_Debt Services_x,2020-21_General Administration_x,2020-21_Instruction_x,2020-21_Instructional Support_x,2020-21_Maintenance and Operations_x,2020-21_Media_x,2020-21_Pupil Services_x,2020-21_Renovation and Capital Projects_x,2020-21_School Administration_x,2020-21_School food Services_x,2020-21_Transportation_x,2020-21_Debt Services_y,2020-21_General Administration_y,2020-21_Instruction_y,2020-21_Instructional Support_y,2020-21_Maintenance and Operations_y,2020-21_Media_y,2020-21_Pupil Services_y,2020-21_Renovation and Capital Projects_y,2020-21_School Administration_y,2020-21_School food Services_y,2020-21_Transportation_y,2020-21 SAT DSTRCT_AVG_SCORE_VAL,Labels
601,Appling County,218,87.9,248,3495,38.1,42.2,19.8,18.4,220.0,0.0,4202799.19,23208034.38,1646110.3,2431359.18,737085.53,1326004.4,0.0,1987609.25,29842.58,2134042.9,0.0,1258.32,6948.51,492.85,727.95,220.68,397.01,0.0,595.09,8.93,638.94,1019.0,0
602,Atkinson County,114,94.21,121,1664,52.3,36.1,11.7,12.4,90.0,0.0,581971.3,8488517.41,571901.44,1029859.7,256652.04,386190.08,0.0,872317.4,30308.62,800901.75,0.0,360.35,5256.05,354.12,637.68,158.92,239.13,0.0,540.13,18.77,495.91,0.0,8
761,Atlanta Public Schools,2632,85.51,3078,52688,42.4,20.0,37.6,38.4,2695.0,964950.42,15951679.46,560781709.9,53665235.51,76479139.61,5191872.31,47003326.4,2000.0,39354508.15,129979.66,29607511.29,19.39,320.59,11270.41,1078.55,1537.05,104.34,944.66,0.04,790.93,2.61,595.04,1086.0,9
603,Bacon County,140,95.89,146,2107,28.4,39.9,31.7,29.3,141.0,0.0,811983.37,12784415.46,575354.13,1912592.19,326920.96,1275712.86,0.0,1359759.02,37981.94,1227323.32,0.0,403.37,6350.93,285.82,950.12,162.4,633.74,0.0,675.49,18.87,609.7,1019.0,8
604,Baker County,22,91.67,24,306,31.7,46.1,22.2,19.3,17.0,0.0,498210.34,2032313.15,191656.81,470471.81,38615.32,151163.63,0.0,236602.68,3272.36,356727.84,0.0,1805.11,7363.45,694.41,1704.61,139.91,547.69,0.0,857.26,11.86,1292.49,820.0,8
605,Baldwin County,209,86.01,243,5030,45.8,30.0,24.2,24.6,230.0,0.0,2082084.36,27762951.18,2232082.25,3435379.81,834522.46,1531569.74,0.0,3365231.42,45611.54,2234291.34,0.0,443.09,5908.27,475.01,731.09,177.6,325.94,0.0,716.16,9.71,475.48,990.0,0
606,Banks County,178,89.45,199,2888,37.2,40.8,22.0,22.2,167.0,0.0,747958.05,18803965.99,1292015.46,1584790.08,424351.2,961979.56,0.0,1465313.3,26056.14,1928548.89,0.0,269.15,6766.45,464.92,570.27,152.7,346.16,0.0,527.28,9.38,693.97,1078.0,0
607,Barrow County,824,92.9,887,14780,24.6,36.1,39.4,39.4,863.0,0.0,3095718.21,87419773.81,6170209.92,7685544.73,2247795.53,6014504.22,0.0,8679108.37,71802.76,8750733.53,0.0,221.99,6268.9,442.47,551.13,161.19,431.3,0.0,622.38,5.15,627.52,1053.0,4
608,Bartow County,881,94.73,930,13947,37.0,37.5,25.4,25.1,884.0,0.0,2200795.31,91563949.76,2671618.88,10256775.47,1979805.76,5658337.14,0.0,10117329.62,72127.8,4850604.59,0.0,168.51,7011.02,204.56,785.36,151.59,433.26,0.0,774.68,5.52,371.41,1051.0,4
609,Ben Hill County,183,85.12,215,3064,38.0,37.1,24.8,25.1,176.0,0.0,1745203.84,14682009.36,277455.29,2050231.04,289670.56,887617.6,0.0,2219190.09,30419.69,980565.24,0.0,608.3,5117.47,96.71,714.62,100.97,309.38,0.0,773.51,10.6,341.78,955.0,8
610,Berrien County,192,89.72,214,3171,19.6,37.2,43.1,41.7,196.0,0.0,865293.7,16550066.67,926540.66,1709161.05,476638.57,747296.15,0.0,1554182.75,22360.66,1158244.65,0.0,297.15,5683.4,318.18,586.94,163.68,256.63,0.0,533.72,7.68,397.75,1040.0,0
611,Bibb County,1096,81.37,1347,22542,22.4,26.8,50.8,53.7,1093.0,667414.49,3888787.52,122553955.2,12613571.78,18573486.75,4164763.22,6576111.7,0.0,16674913.8,120702.03,7683887.62,32.33,188.36,5935.97,610.95,899.62,201.72,318.52,0.0,807.66,5.85,372.17,975.0,4
612,Bleckley County,159,93.53,170,2534,66.0,27.8,6.2,5.6,169.0,0.0,949594.66,14368158.92,409961.72,1571984.41,310984.45,981784.72,0.0,1577307.03,29732.77,1929265.03,0.0,393.53,5954.48,169.9,651.46,128.88,406.87,0.0,653.67,12.32,799.53,1149.0,8
613,Brantley County,207,94.52,219,3477,39.4,36.0,24.6,23.8,225.0,0.0,759451.8,19079537.94,919124.28,3277008.74,695651.37,1232287.8,0.0,1659016.48,32958.25,2579019.33,0.0,237.03,5954.91,286.87,1022.79,217.12,384.61,0.0,517.8,10.29,804.94,1110.0,0
763,Bremen City,161,97.58,165,2279,61.8,32.1,6.1,5.0,181.0,0.0,1154003.42,13761818.57,404973.58,1840112.32,340961.72,797499.01,0.0,1353842.47,13207.45,135846.4,0.0,515.64,6149.16,180.95,822.21,152.35,356.34,0.0,604.93,5.9,60.7,1097.0,8
614,Brooks County,130,89.04,146,2266,37.8,35.1,27.1,28.6,140.0,0.0,1927010.13,12496700.45,281274.13,2282940.97,428772.1,1470591.06,286415.54,1318928.64,23376.9,1416179.9,0.0,907.26,5883.57,132.43,1074.83,201.87,692.37,134.85,620.96,11.01,666.75,925.0,8
615,Bryan County,666,95.14,700,10114,56.2,31.9,12.0,12.9,698.0,0.0,2123800.95,54883539.65,3804680.05,7559849.85,1541605.79,3398077.42,0.0,6224942.69,30819.35,4275264.11,0.0,222.67,5754.2,398.9,792.6,161.63,356.27,0.0,652.65,3.23,448.23,1095.0,7
764,Buford City,352,96.44,365,5664,52.8,33.1,14.1,12.4,393.0,0.0,4538449.6,38709180.9,291206.02,4475903.24,772076.04,2846519.79,0.0,4061328.25,11283.84,1746543.33,0.0,814.51,6947.09,52.26,803.28,138.56,510.86,0.0,728.88,2.03,313.45,1165.0,7
616,Bulloch County,662,88.03,752,11381,51.1,32.9,16.1,17.7,648.0,0.0,1367844.69,52326766.85,3227592.78,8497068.44,1531733.15,7018021.32,23127.0,7722250.74,75079.31,5737088.99,0.0,131.21,5019.35,309.6,815.07,146.93,673.19,2.22,740.74,7.2,550.32,1100.0,7
617,Burke County,288,89.44,322,4191,67.7,21.2,11.1,12.2,284.0,0.0,3045963.03,32261511.62,1197888.49,4622143.83,722340.05,1698413.11,0.0,3602474.04,21323.38,5423734.9,0.0,761.68,8067.39,299.55,1155.82,180.63,424.71,0.0,900.84,5.33,1356.27,1053.0,0
618,Butts County,216,90,240,3552,53.5,32.0,14.5,15.9,228.0,0.0,1243255.84,18838005.12,1429548.23,1644364.28,491782.66,1635393.91,0.0,2879772.4,42754.27,769068.5,0.0,378.35,5732.81,435.04,500.42,149.66,497.69,0.0,876.38,13.01,234.04,1066.0,0
765,Calhoun City,273,100,273,4142,46.1,38.1,15.8,13.6,300.0,55263.48,1048561.54,19983495.23,1579411.9,2872037.23,326788.88,2109204.53,0.0,2244935.59,32550.21,1153405.81,13.32,252.79,4817.62,380.76,692.39,78.78,508.49,0.0,541.21,7.85,278.06,1094.0,0
619,Calhoun County,38,88.37,43,499,36.1,27.9,36.1,37.9,28.0,0.0,807260.08,3067924.13,219514.4,626901.94,76059.6,149401.0,0.0,605094.38,4839.7,497068.09,0.0,1710.3,6499.84,465.07,1328.18,161.14,316.53,0.0,1281.98,10.25,1053.11,0.0,8
620,Camden County,540,92.78,582,9754,52.1,33.3,14.6,14.6,560.0,0.0,1218570.75,48455502.07,5962035.98,6356985.39,1661283.45,3817515.48,0.0,6010606.6,43516.66,3742490.99,0.0,136.46,5426.15,667.64,711.87,186.03,427.49,0.0,673.08,4.87,419.09,1073.0,7
621,Candler County,150,95.54,157,2297,57.6,31.1,11.3,12.4,153.0,0.0,661090.25,12280514.8,386982.59,1366103.86,301123.6,705188.32,0.0,1408965.24,14451.0,1186606.15,0.0,311.39,5784.51,182.28,643.48,141.84,332.17,0.0,663.67,6.81,558.93,973.0,8
622,Carroll County,951,93.69,1015,15614,33.3,37.3,29.4,30.8,925.0,201056.16,2741319.4,91988719.85,3810068.38,9895398.25,2449242.48,5575811.72,0.0,11158141.93,79320.81,7835326.51,13.79,187.99,6308.37,261.29,678.6,167.96,382.38,0.0,765.2,5.44,537.33,1047.0,4
766,Carrollton City,417,93.5,446,5495,39.4,37.9,22.7,22.7,423.0,0.0,1381985.49,29078284.26,1256660.17,2565245.42,533108.93,812075.71,0.0,3954315.4,46185.15,487202.51,0.0,260.36,5478.2,236.75,483.28,100.43,152.99,0.0,744.97,8.7,91.79,1086.0,0
767,Cartersville City,317,92.69,342,4669,58.6,32.8,8.6,8.8,332.0,0.0,1414763.35,28441749.63,2320349.51,2633748.61,324386.35,2461509.32,0.0,2537059.31,29651.04,1999545.51,0.0,311.21,6256.43,510.42,579.36,71.36,541.47,0.0,558.09,6.52,439.85,1084.0,0
623,Catoosa County,736,89.65,821,10851,60.7,30.2,9.1,9.8,781.0,0.0,2281934.35,74676917.92,3503191.0,8776038.81,1700599.39,5368772.62,0.0,8253296.14,60890.85,5530256.2,0.0,222.02,7265.71,340.84,853.87,165.46,522.36,0.0,803.01,5.92,538.07,1157.0,4
624,Charlton County,89,95.7,93,1715,45.5,36.6,17.9,16.9,101.0,0.0,1435739.76,7605709.1,429616.73,1205106.62,474352.01,717959.21,0.0,1278261.49,19465.61,1005340.56,0.0,903.55,4786.48,270.37,758.41,298.52,451.83,0.0,804.44,12.25,632.69,1041.0,8
626,Chattahoochee County,90,96.77,93,973,52.3,41.3,6.4,8.8,91.0,0.0,1013951.6,4748413.34,191496.34,859903.26,101429.27,358548.95,0.0,765689.09,8347.01,448144.75,0.0,1154.84,5408.22,218.11,979.39,115.52,408.37,0.0,872.08,9.51,510.42,0.0,8
627,Chattooga County,122,80.79,151,2700,21.1,35.2,43.7,40.0,137.0,0.0,850182.66,16908786.71,1176875.44,1963114.08,510931.7,957337.37,0.0,1816078.38,28135.74,696481.43,0.0,336.84,6699.2,466.27,777.78,202.43,379.29,0.0,719.52,11.15,275.94,0.0,0
628,Cherokee County,2957,92.44,3199,43636,36.8,36.7,26.5,24.7,2937.0,11766.81,6135447.5,288787401.7,21847840.93,30411174.27,4928650.72,17642483.61,255313.17,26913614.55,472875.88,22796292.73,0.28,146.01,6872.29,519.91,723.7,117.29,419.84,6.08,640.46,11.25,542.48,1129.0,1
769,Chickamauga City,102,100,102,1297,65.9,28.2,5.9,5.0,106.0,0.0,813335.21,7129309.24,191183.63,1410044.39,207021.92,538565.86,0.0,925417.66,12416.38,157229.44,0.0,642.44,5631.37,151.01,1113.78,163.52,425.41,0.0,730.98,9.81,124.19,0.0,8
629,Clarke County,648,82.23,788,12634,49.6,22.9,27.5,30.3,621.0,0.0,3392089.28,97928760.64,10880290.85,13325678.17,2022299.15,7304650.01,0.0,9891449.84,76648.82,6979035.44,0.0,278.82,8049.38,894.32,1095.32,166.23,600.42,0.0,813.04,6.3,573.65,1069.0,4
630,Clay County,0,0,0,185,37.8,33.0,29.2,26.5,0.0,0.0,422352.47,1398248.9,233539.75,315495.85,78024.23,121706.55,0.0,437118.87,85962.69,302326.72,0.0,2270.71,7517.47,1255.59,1696.21,419.49,654.34,0.0,2350.1,462.17,1625.41,0.0,8
631,Clayton County,2993,79.33,3773,55318,51.8,22.0,26.2,26.9,3325.0,0.0,12167720.5,302073355.0,36465572.56,28252166.58,6631993.55,21706342.24,0.0,35392085.22,267120.49,8270344.78,0.0,229.63,5700.79,688.19,533.18,125.16,409.65,0.0,667.93,5.04,156.08,977.0,1
632,Clinch County,77,87.5,88,1307,45.9,40.4,13.7,13.3,69.0,0.0,566726.83,7495255.63,416126.58,1191974.8,208898.74,981981.11,0.0,611935.0,10763.37,760725.66,0.0,460.01,6083.81,337.77,967.51,169.56,797.06,0.0,496.7,8.74,617.47,939.0,8
633,Cobb County,8040,89.93,8940,114145,68.5,19.8,11.7,13.2,8168.0,0.0,21406746.83,735123184.5,42512978.95,76366351.06,17178576.63,32853603.9,1808730.0,76708541.45,477062.78,48533506.02,0.0,195.0,6696.33,387.26,695.63,156.48,299.27,16.48,698.75,4.35,442.1,1144.0,2
634,Coffee County,422,89.03,474,7743,45.4,36.5,18.1,18.3,445.0,0.0,1603158.3,44988339.52,2722047.92,4746065.02,1463672.49,4054753.85,0.0,4182110.07,53835.53,3523547.13,0.0,218.59,6134.22,371.15,647.13,199.57,552.87,0.0,570.24,7.34,480.44,1027.0,7
635,Colquitt County,490,87.19,562,9112,39.9,37.1,22.9,21.6,460.0,0.0,2525026.6,58189678.05,3372669.77,7093209.94,1574086.77,5841349.77,0.0,5694101.0,186935.97,3667988.13,0.0,283.49,6533.03,378.65,796.36,176.72,655.82,0.0,639.28,20.99,411.81,1060.0,7
636,Columbia County,1947,93.79,2076,29661,49.6,35.2,15.2,12.3,1871.0,0.0,2776376.74,178199797.7,10259405.05,21258562.43,4532837.53,5734586.06,4188.0,16638467.97,125352.94,10716262.02,0.0,99.46,6383.66,367.52,761.55,162.38,205.43,0.15,596.04,4.49,383.89,1113.0,5
771,Commerce City,117,96.69,121,1739,47.4,39.2,13.4,12.6,110.0,0.0,714834.74,10692825.53,489941.01,992831.66,361032.14,723132.68,0.0,1104578.86,51887.55,504800.29,0.0,422.73,6323.37,289.73,587.13,213.5,427.64,0.0,653.21,30.68,298.52,1108.0,8
637,Cook County,202,95.73,211,3164,40.4,38.6,21.0,19.9,197.0,18442.55,1476871.88,17673777.4,553603.74,1998627.65,436262.27,1425317.66,0.0,2026257.28,12747.61,1578837.64,6.13,490.82,5873.64,183.98,664.22,144.99,473.68,0.0,673.4,4.24,524.71,1006.0,0
638,Coweta County,1649,91.36,1805,23427,66.0,24.5,9.4,9.4,1617.0,0.0,2127683.37,147326918.0,5546520.63,13979185.2,3196613.59,9486021.84,0.0,17661929.2,122533.61,10101801.48,0.0,96.86,6707.04,252.5,636.4,145.53,431.85,0.0,804.06,5.58,459.88,1116.0,5
639,Crawford County,90,73.17,123,1713,37.2,38.5,24.3,24.3,114.0,0.0,997140.95,10066551.02,142862.91,1296123.31,249060.54,732929.43,0.0,1239272.61,14070.47,865862.63,0.0,623.99,6299.47,89.4,811.09,155.86,458.65,0.0,775.51,8.81,541.84,1027.0,8
640,Crisp County,234,86.99,269,3763,38.2,31.7,30.1,29.3,226.0,0.0,1226924.32,22136989.54,1252462.41,1889024.5,715130.9,1638981.94,0.0,2616484.79,30497.7,2114129.07,0.0,345.13,6227.0,352.31,531.37,201.16,461.04,0.0,736.0,8.58,594.69,991.0,0
641,Dade County,134,84.81,158,2098,53.1,35.0,11.9,10.2,149.0,0.0,968103.52,13739636.39,380057.6,1659423.26,408073.1,631455.64,0.0,1576113.31,17439.3,525297.3,0.0,485.26,6887.04,190.51,831.79,204.55,316.52,0.0,790.03,8.74,263.31,1026.0,8
772,Dalton Public Schools,470,86.56,543,7798,59.6,30.9,9.6,9.5,543.0,0.0,1488306.37,54469322.64,4573375.45,5838531.41,1342358.67,2930451.52,0.0,5044986.97,0.0,2890604.71,0.0,189.59,6938.77,582.6,743.76,171.0,373.31,0.0,642.67,0.0,368.23,1047.0,7
642,Dawson County,240,96,250,3802,41.3,41.6,17.1,16.5,287.0,0.0,1072759.27,25609453.19,3209787.8,3338112.6,708091.91,1696525.82,0.0,2935451.31,48948.86,2245329.7,0.0,297.33,7097.96,889.63,925.2,196.26,470.21,0.0,813.6,13.57,622.32,1051.0,0
773,Decatur City,358,97.55,367,5750,88.7,8.6,2.7,2.5,398.0,304675.62,2856369.79,52119160.58,4684941.25,6982529.7,1379326.11,4709153.58,0.0,6173388.84,824557.13,1440905.04,54.15,507.62,9262.34,832.58,1240.9,245.13,836.89,0.0,1097.1,146.54,256.07,1270.0,7
643,Decatur County,340,89.71,379,4709,39.5,34.1,26.4,28.8,343.0,0.0,686317.41,17922601.64,1118207.38,4524729.31,1117293.89,2155443.1,0.0,2880864.68,46934.05,2342008.3,0.0,157.96,4124.88,257.35,1041.36,257.14,496.07,0.0,663.03,10.8,539.01,1023.0,0
644,DeKalb County,5281,79.21,6667,98083,58.2,19.3,22.6,23.3,5478.0,0.0,51931584.36,721855858.4,34179438.09,101817957.0,13872784.31,63259500.54,2659.0,71745606.16,343299.43,46553370.67,0.0,547.4,7608.98,360.28,1073.25,146.23,666.81,0.03,756.26,3.62,490.71,1100.0,2
645,Dodge County,211,91.74,230,3045,53.4,35.1,11.6,13.3,196.0,0.0,824478.22,18761258.49,730861.87,1619561.62,516199.08,1566094.39,0.0,1390067.34,67019.99,1442343.45,0.0,287.68,6546.15,255.01,565.09,180.11,546.44,0.0,485.02,23.38,503.26,1083.0,0
646,Dooly County,89,91.75,97,1210,28.0,26.6,45.4,43.7,73.0,0.0,836836.14,5421590.23,711361.79,928342.13,241295.02,316501.26,0.0,971973.53,13440.3,590256.64,0.0,718.93,4657.72,611.14,797.54,207.3,271.91,0.0,835.03,11.55,507.09,0.0,8
647,Dougherty County,715,86.98,822,13806,54.5,20.7,24.8,25.3,726.0,0.0,4468434.87,73766023.85,11985219.79,12560117.2,2290957.11,5623338.09,0.0,10403073.34,80073.09,3064069.67,0.0,341.15,5631.85,915.04,958.93,174.91,429.33,0.0,794.25,6.11,233.93,954.0,4
648,Douglas County,1943,89.75,2165,27891,44.4,29.5,26.1,27.1,1909.0,0.0,4089250.23,170235032.7,13062792.45,13804209.6,4964526.74,8103126.33,0.0,20183936.24,112864.92,10778101.06,0.0,156.61,6519.67,500.28,528.67,190.13,310.33,0.0,773.01,4.32,412.78,1038.0,5
774,Dublin City,147,94.84,155,2434,43.3,21.7,34.9,35.9,119.0,0.0,1057927.78,8297811.72,2274949.3,2129523.08,247767.78,1495823.43,13900.0,1604456.67,14173.72,992854.92,0.0,485.51,3808.08,1044.03,977.29,113.71,686.47,6.38,736.33,6.5,455.65,968.0,8
649,Early County,110,82.71,133,1795,43.4,40.9,15.7,18.4,133.0,0.0,665903.3,13006535.75,234896.77,1597766.6,354920.43,771163.47,0.0,1252014.29,17597.53,833296.72,0.0,385.36,7526.93,135.94,924.63,205.39,446.28,0.0,724.55,10.18,482.23,953.0,8
650,Echols County,50,98.04,51,888,39.3,35.9,24.8,20.9,51.0,0.0,589452.24,4632099.92,73344.12,562430.18,133067.66,266523.23,0.0,417175.73,11335.88,619623.49,0.0,697.58,5481.78,86.8,665.6,157.48,315.41,0.0,493.7,13.42,733.28,1009.0,8
651,Effingham County,793,91.46,867,13475,47.2,38.4,14.4,13.4,788.0,0.0,4012160.02,78148606.49,5477263.67,8579176.57,2131538.53,8389738.29,314823.02,8561597.71,58246.3,6567378.94,0.0,320.54,6243.4,437.59,685.4,170.29,670.27,25.15,684.0,4.65,524.68,1113.0,4
652,Elbert County,169,90.86,186,3031,43.3,39.2,17.5,15.1,158.0,74411.96,1046819.03,18227215.49,1396880.17,2090793.44,432018.95,1594235.46,0.0,2398001.53,22265.69,1687423.31,25.22,354.73,6176.62,473.36,708.5,146.4,540.24,0.0,812.61,7.55,571.81,1019.0,0
653,Emanuel County,234,90.7,258,4101,46.0,37.3,16.7,15.8,213.0,0.0,1455342.64,25303712.3,1009955.99,1088002.31,716761.38,2296233.56,0.0,2762076.2,446342.91,1948140.43,0.0,371.74,6463.27,257.97,277.91,183.08,586.52,0.0,705.51,114.01,497.61,1006.0,0
654,Evans County,104,85.25,122,1915,38.1,33.4,28.6,33.0,114.0,0.0,727646.08,8683843.8,687074.13,1797367.86,375648.08,1278801.84,0.0,1512995.71,98234.55,661579.69,0.0,401.79,4795.05,379.39,992.47,207.43,706.13,0.0,835.45,54.24,365.31,1075.0,8
655,Fannin County,174,92.06,189,2963,34.5,43.1,22.4,21.4,179.0,0.0,1514585.5,21211300.38,1498522.16,2598616.13,739663.87,1206450.53,0.0,2246189.3,15597.44,2020929.77,0.0,537.47,7527.08,531.77,922.15,262.48,428.12,0.0,797.09,5.53,717.15,1089.0,0
656,Fayette County,1626,93.13,1746,20732,59.0,30.2,10.8,10.1,1566.0,0.0,3493326.55,150870843.8,13217286.36,15782662.36,3551584.06,12988268.56,0.0,14617618.88,98053.39,7409952.93,0.0,175.18,7565.86,662.82,791.47,178.1,651.33,0.0,733.04,4.92,371.59,1154.0,5
657,Floyd County,630,94.45,667,9398,45.9,37.2,16.9,18.4,535.0,0.0,3009829.7,62477576.14,3094031.72,8503045.17,1531154.93,3402842.12,0.0,6798584.7,107082.94,5350109.06,0.0,335.81,6970.61,345.2,948.68,170.83,379.65,0.0,758.52,11.95,596.91,1082.0,7
658,Forsyth County,3762,97.23,3869,52823,56.4,32.1,11.5,10.1,3946.0,1000.0,4186432.34,354426214.6,21826624.1,34332219.64,3490483.9,11065528.81,0.0,29210174.58,456102.46,16978682.22,0.02,81.39,6890.63,424.35,667.47,67.86,215.13,0.0,567.89,8.87,330.09,1178.0,1
659,Franklin County,238,92.61,257,3835,24.7,38.8,36.5,35.2,232.0,0.0,1156614.23,21990206.78,1525662.86,2526953.61,504786.88,1586048.14,0.0,2356719.9,29051.23,2561861.0,0.0,324.25,6164.9,427.72,708.43,141.52,444.64,0.0,660.7,8.14,718.21,1059.0,0
660,Fulton County,6813,89.72,7594,95026,34.9,26.9,38.2,38.1,6955.0,0.0,22751812.82,658853281.5,81764405.14,69317084.65,17082961.53,70371081.82,10439.21,59681791.98,9724.82,48689732.67,0.0,256.2,7419.1,920.72,780.55,192.36,792.42,0.12,672.05,0.11,548.28,1098.0,6
776,Gainesville City,468,87.97,532,8218,47.2,30.8,22.0,21.9,493.0,0.0,2703228.63,46920032.32,4659946.67,6660219.7,1059854.84,2499011.14,0.0,5987274.27,44620.66,3421586.12,0.0,332.34,5768.38,572.9,818.81,130.3,307.23,0.0,736.08,5.49,420.65,1054.0,7
661,Gilmer County,240,94.86,253,4230,38.9,38.9,22.2,22.5,256.0,2362.5,1249256.98,26363275.22,742326.82,3439871.99,600930.86,1241952.41,0.0,2752323.27,33462.98,2294936.73,0.57,302.78,6389.55,179.91,833.71,145.64,301.01,0.0,667.07,8.11,556.21,993.0,0
662,Glascock County,41,97.62,42,552,50.0,35.1,14.9,13.4,36.0,0.0,533986.12,3469301.09,186516.38,579780.73,120920.95,251185.37,0.0,378783.1,3569.83,423892.07,0.0,1009.43,6558.23,352.58,1095.99,228.58,474.83,0.0,716.04,6.75,801.31,1031.0,8
663,Glynn County,768,94.12,816,13533,51.6,33.9,14.5,16.2,785.0,309940.73,2095976.42,85546724.55,5643810.85,13285251.32,2147272.24,4370741.14,30789.07,8005044.55,84175.35,5365133.89,24.73,167.24,6825.72,450.32,1060.02,171.33,348.74,2.46,638.72,6.72,428.08,1108.0,4
664,Gordon County,422,97.24,434,6496,28.1,35.3,36.5,35.8,435.0,0.0,1644569.5,40092666.03,2588668.95,6149151.67,949390.84,1890719.18,0.0,3522900.76,29956.82,3465162.07,0.0,269.56,6571.49,424.3,1007.89,155.61,309.9,0.0,577.43,4.91,567.97,1033.0,7
665,Grady County,263,92.93,283,4582,53.1,33.8,13.1,13.2,270.0,885645.29,828153.41,24857629.93,1724417.7,3366189.78,838056.3,1467596.95,0.0,2771944.43,27270.42,1594885.47,200.6,187.58,5630.27,390.58,762.44,189.82,332.41,0.0,627.85,6.18,361.24,957.0,0
666,Greene County,153,95.03,161,2522,45.8,35.9,18.3,16.1,136.0,0.0,1593075.32,14137677.83,805922.46,1784292.17,319082.94,1153322.4,0.0,1331902.14,21172.7,713555.98,0.0,649.44,5763.42,328.55,727.39,130.08,470.17,0.0,542.97,8.63,290.89,0.0,8
726,Griffin-Spalding County,554,86.29,642,10232,40.1,28.2,31.6,33.8,557.0,0.0,2371841.42,59320791.84,8029615.47,8822594.86,1710625.25,2785361.95,0.0,5308291.9,66222.56,5214640.74,0.0,254.46,6364.21,861.45,946.53,183.52,298.83,0.0,569.5,7.1,559.45,1000.0,7
667,Gwinnett County,12255,85.96,14257,191293,73.5,18.3,8.2,8.6,12474.0,0.0,37237039.97,1135361374.0,104001902.0,127861648.3,23066979.9,55892840.35,49862.03,148006807.2,490801.67,101246870.7,0.0,202.17,6164.11,564.65,694.19,125.24,303.45,0.27,803.56,2.66,549.69,1128.0,3
668,Habersham County,454,98.91,459,7100,58.6,32.2,9.3,13.1,469.0,1752.5,1077072.75,48904655.66,2213542.61,6069106.87,1167322.77,2168360.59,0.0,5045607.76,48724.23,4162055.82,0.26,157.28,7141.45,323.24,886.26,170.46,316.64,0.0,736.8,7.12,607.78,1107.0,7
669,Hall County,1838,89.7,2049,28312,47.4,34.8,17.8,18.5,1878.0,0.0,3494863.03,176149856.6,12866273.07,9291946.09,4317160.29,12170220.11,0.0,17632896.49,126016.03,8660675.34,0.0,125.56,6328.59,462.25,333.83,155.1,437.24,0.0,633.5,4.53,311.15,1106.0,5
670,Hancock County,55,88.71,62,794,85.6,11.0,3.4,3.4,42.0,0.0,831384.18,4534976.62,1104359.61,1945791.72,193993.07,201952.59,0.0,749202.99,11282.12,855973.95,0.0,1114.46,6079.06,1480.37,2608.3,260.04,270.71,0.0,1004.29,15.12,1147.42,0.0,8
671,Haralson County,200,97.56,205,3447,53.3,36.1,10.6,13.4,208.0,0.0,1322032.41,22716789.05,1235456.38,2237000.05,709245.86,1146800.63,0.0,2446379.82,18561.66,1803551.82,0.0,422.24,7255.44,394.59,714.47,226.52,366.27,0.0,781.34,5.93,576.03,1079.0,0
672,Harris County,415,93.68,443,5555,34.8,39.2,26.0,23.7,360.0,0.0,1878556.0,33504462.42,1933757.97,3241226.19,919181.12,2723575.57,0.0,3690857.7,30960.48,5208963.53,0.0,353.38,6302.57,363.76,609.71,172.91,512.34,0.0,694.29,5.82,979.87,1125.0,0
673,Hart County,223,96.96,230,3562,46.2,38.1,15.7,16.5,231.0,0.0,763405.83,21299176.23,1258362.58,2706720.26,506382.43,1236765.76,0.0,2309044.09,25363.68,1735473.23,0.0,225.46,6290.37,371.64,799.39,149.55,365.26,0.0,681.94,7.49,512.54,1051.0,0
674,Heard County,132,94.96,139,2135,48.0,34.9,17.1,16.9,155.0,0.0,1158407.22,11663076.27,575263.16,2013285.11,366954.31,773415.76,0.0,1684044.27,13474.24,951353.72,0.0,585.35,5893.42,290.68,1017.32,185.42,390.81,0.0,850.96,6.81,480.72,1039.0,8
675,Henry County,3311,89.75,3689,45579,54.0,26.7,19.2,21.5,3308.0,0.0,4815042.15,269431839.4,16656158.17,33485262.61,5940606.28,16952355.65,290750.0,29886202.63,95523.07,15238355.81,0.0,113.43,6347.19,392.38,788.84,139.95,399.36,6.85,704.05,2.25,358.98,1032.0,1
676,Houston County,1917,90.3,2123,31290,38.8,36.2,25.0,23.8,1887.0,0.0,4135729.93,189171403.8,11537575.17,22933845.73,3785622.63,13854070.46,0.0,20672935.45,0.0,15865609.87,0.0,142.84,6533.74,398.49,792.11,130.75,478.5,0.0,714.02,0.0,547.98,1096.0,5
677,Irwin County,114,92.68,123,1670,48.0,36.6,15.4,14.1,105.0,0.0,834165.44,9608700.24,626695.42,1171233.78,216574.44,670116.28,0.0,989600.83,22454.48,732812.94,0.0,528.29,6085.31,396.89,741.76,137.16,424.39,0.0,626.73,14.22,464.1,982.0,8
678,Jackson County,486,94.55,514,8910,52.8,33.2,14.0,14.3,541.0,0.0,2294037.07,57509460.24,5126376.04,7445976.13,1191258.76,2689804.58,0.0,4914834.63,29759.37,5928228.85,0.0,272.61,6834.16,609.2,884.85,141.56,319.64,0.0,584.06,3.54,704.48,1055.0,7
679,Jasper County,144,88.89,162,2397,53.3,35.7,11.1,10.7,124.0,0.0,736309.5,14175099.09,755072.04,2096869.68,310428.12,1155035.91,0.0,1594367.22,32107.7,1969190.7,0.0,322.66,6211.7,330.88,918.87,136.03,506.15,0.0,698.67,14.07,862.92,1053.0,8
680,Jeff Davis County,162,93.64,173,3052,35.1,39.1,25.9,26.5,186.0,24825.17,1159934.52,16439968.1,731329.69,2094231.44,400382.39,1395290.72,10850.0,1439256.42,22242.39,1916378.5,8.4,392.4,5561.56,247.41,708.47,135.45,472.02,3.67,486.89,7.52,648.3,981.0,0
779,Jefferson City,241,98.77,244,4011,29.0,41.1,29.9,24.1,287.0,20822.69,948209.69,23741987.54,1036731.69,1917883.57,535539.51,1322526.61,0.0,2144089.29,29470.72,926462.45,5.38,244.95,6133.3,267.82,495.45,138.35,341.65,0.0,553.89,7.61,239.33,1134.0,0
681,Jefferson County,186,90.73,205,2313,58.3,30.5,11.2,10.3,165.0,2132.54,559348.81,15271798.94,483128.62,2041974.7,533517.55,859803.27,0.0,1750186.6,0.0,1238564.82,0.98,257.88,7040.94,222.74,941.44,245.97,396.41,0.0,806.91,0.0,571.03,910.0,8
682,Jenkins County,69,84.15,82,1156,41.0,39.2,19.8,23.0,62.0,0.0,623199.38,7538426.65,677648.87,776690.48,118457.3,344095.3,15311.25,1006496.64,14027.2,934670.04,0.0,585.71,7084.99,636.89,729.97,111.33,323.4,14.39,945.96,13.18,878.45,0.0,8
683,Johnson County,86,89.58,96,1065,44.9,37.6,17.6,17.5,58.0,0.0,522618.93,4609966.89,550304.94,958617.11,233258.49,193991.04,699122.32,950860.49,11137.0,736101.06,0.0,509.38,4493.15,536.36,934.32,227.35,189.08,681.41,926.76,10.85,717.45,1042.0,8
684,Jones County,335,89.1,376,5175,52.4,34.2,13.4,13.3,369.0,0.0,1155196.91,33466384.43,1923561.61,4390299.26,865015.26,1925458.17,0.0,3404229.08,288214.67,3179659.93,0.0,235.13,6811.8,391.52,893.61,176.07,391.91,0.0,692.9,58.66,647.19,1058.0,0
685,Lamar County,165,90.66,182,2806,64.8,28.2,7.0,7.1,189.0,0.0,1031065.35,15230841.08,985440.96,1908835.0,396215.41,665103.1,0.0,1253735.86,10850.56,1224202.24,0.0,399.17,5896.57,381.51,739.0,153.39,257.49,0.0,485.38,4.2,473.95,1003.0,8
686,Lanier County,81,88.04,92,1783,49.3,38.1,12.6,14.1,114.0,0.0,634545.15,9278407.95,666999.48,1614557.75,258971.69,938522.49,0.0,1218476.48,12734.84,1043620.06,0.0,385.04,5630.1,404.73,979.71,157.14,569.49,0.0,739.37,7.73,633.26,1022.0,8
687,Laurens County,409,90.09,454,6435,46.6,37.1,16.3,15.8,432.0,61578.82,2540872.09,39468492.31,972830.29,3307877.55,899107.94,3256195.04,0.0,4032794.3,45598.15,3312538.89,10.04,414.09,6432.28,158.54,539.09,146.53,530.67,0.0,657.24,7.43,539.85,1038.0,7
688,Lee County,409,94.24,434,6448,54.9,34.0,11.1,11.3,431.0,0.0,1050160.92,36240860.85,1597668.05,5654723.83,1210091.28,2709787.88,0.0,3430609.0,32014.07,3546327.62,0.0,170.23,5874.67,258.98,916.64,196.16,439.26,0.0,556.1,5.19,574.86,1049.0,0
689,Liberty County,590,93.06,634,11102,45.3,28.4,26.3,29.0,602.0,0.0,1856255.45,62926868.96,1796376.47,7433141.33,2116458.84,4422195.01,0.0,6926458.02,58153.91,6027812.38,0.0,190.91,6471.96,184.76,764.49,217.68,454.82,0.0,712.38,5.98,619.95,1017.0,7
690,Lincoln County,68,90.67,75,1103,35.1,36.8,28.1,24.9,73.0,0.0,519852.01,7544859.55,282669.96,1209507.16,263018.61,472957.79,0.0,1030654.92,13089.17,975520.67,0.0,490.89,7124.51,266.92,1142.12,248.37,446.61,0.0,973.23,12.36,921.17,1075.0,8
691,Long County,226,95.76,236,4121,62.8,29.0,8.3,11.3,228.0,0.0,918112.86,18810243.02,1699550.52,2184790.19,460376.36,1409118.29,0.0,1836799.79,29901.49,2271618.86,0.0,242.05,4959.2,448.08,576.01,121.38,371.5,0.0,484.26,7.88,598.9,975.0,0
692,Lowndes County,593,93.83,632,11089,56.7,34.1,9.3,10.3,667.0,0.0,2524959.0,58758316.11,4443954.73,7879457.05,1469337.27,3669295.18,117408.71,5173076.49,55572.0,3116592.9,0.0,242.69,5647.67,427.14,757.35,141.23,352.68,11.28,497.22,5.34,299.56,1104.0,7
693,Lumpkin County,248,98.41,252,4129,48.9,37.5,13.6,15.1,226.0,5926.67,1052608.06,23899554.96,1749912.31,2364928.7,645855.97,2316499.42,0.0,2559048.91,144246.48,2050770.46,1.58,281.0,6380.02,467.14,631.32,172.41,618.39,0.0,683.14,38.51,547.46,1069.0,0
694,Macon County,68,79.07,86,1169,65.2,23.1,11.7,13.6,81.0,0.0,975422.19,5417453.88,601744.47,1438307.41,231913.5,544897.28,0.0,750688.46,11130.82,578798.85,0.0,883.53,4907.11,545.06,1302.81,210.07,493.57,0.0,679.97,10.08,524.27,874.0,8
695,Madison County,302,96.18,314,5109,43.1,37.9,18.9,18.9,266.0,0.0,1756543.92,33551062.19,1758344.29,1556757.19,794327.9,2952521.55,3628.97,3470445.93,39256.7,2308301.12,0.0,358.55,6848.55,358.92,317.77,162.14,602.68,0.74,708.4,8.01,471.18,1068.0,0
781,Marietta City,567,87.77,646,9342,53.4,27.3,19.3,21.0,536.0,0.0,3052118.03,68464363.26,6520450.83,5299057.42,1351132.13,7031386.92,0.0,7570722.87,29858.69,4172429.88,0.0,346.32,7768.56,739.87,601.28,153.31,797.84,0.0,859.04,3.39,473.44,1052.0,7
696,Marion County,76,88.37,86,1302,65.7,27.3,7.0,7.1,85.0,0.0,555841.17,6416147.81,739265.66,1398610.02,218148.01,381180.32,0.0,896865.37,5427.67,1107357.08,0.0,451.17,5207.91,600.05,1135.24,177.07,309.4,0.0,727.98,4.41,898.83,1038.0,8
697,McDuffie County,199,85.78,232,3515,63.4,25.2,11.4,10.8,193.0,0.0,984028.68,20373559.45,1611466.8,2875297.19,790482.58,1589826.35,0.0,2587974.39,20659.78,1734889.13,0.0,294.8,6103.52,482.76,861.38,236.81,476.28,0.0,775.31,6.19,519.74,1022.0,0
698,McIntosh County,80,100,80,1321,39.7,39.1,21.2,21.1,71.0,0.0,612905.98,7471413.33,691519.87,1368127.94,344597.94,567701.7,0.0,1006414.35,47023.9,881918.3,0.0,506.53,6174.72,571.5,1130.68,284.79,469.17,0.0,831.75,38.86,728.86,0.0,8
699,Meriwether County,130,84.97,153,2436,52.5,32.1,15.5,18.7,143.0,0.0,1309872.23,13143414.9,1265667.9,2935655.32,265429.69,1942910.03,0.0,1941277.84,23629.1,2289159.65,0.0,593.51,5955.33,573.48,1330.16,120.27,880.34,0.0,879.6,10.71,1037.23,0.0,8
700,Miller County,72,96,75,803,36.2,35.0,28.8,30.5,50.0,0.0,746099.34,4534077.71,335773.61,1050543.63,114790.52,252107.6,0.0,638773.03,8025.26,820113.51,0.0,1005.52,6110.62,452.53,1415.83,154.7,339.77,0.0,860.88,10.82,1105.27,940.0,8
701,Mitchell County,81,92.05,88,1551,92.2,6.2,1.6,1.6,57.0,0.0,567543.79,7490377.81,1144270.41,1176903.72,174814.37,393864.11,0.0,1169628.24,23098.38,962478.68,0.0,454.04,5992.3,915.42,941.52,139.85,315.09,0.0,935.7,18.48,769.98,1024.0,8
702,Monroe County,292,93.59,312,4178,56.2,32.2,11.6,11.8,252.0,0.0,1780475.36,29677738.32,1022496.99,4355395.64,723478.5,1538290.74,0.0,1933390.11,19898.5,3668361.07,0.0,443.9,7399.09,254.92,1085.86,180.37,383.52,0.0,482.02,4.96,914.58,1078.0,0
703,Montgomery County,49,100,49,957,49.1,37.4,13.5,14.9,68.0,0.0,356002.94,4511966.74,409090.48,610714.92,111851.23,356690.11,0.0,500672.73,6908.95,451875.97,0.0,406.86,5156.53,467.53,697.96,127.83,407.65,0.0,572.2,7.9,516.43,0.0,8
704,Morgan County,202,95.73,211,3303,50.8,33.6,15.7,15.1,209.0,238069.85,1422000.31,22854464.9,1537192.88,2036539.17,545827.58,1682725.65,0.0,2109729.26,60311.97,1422295.41,74.37,444.24,7139.79,480.22,636.22,170.52,525.69,0.0,659.08,18.84,444.33,1048.0,0
705,Murray County,435,97.75,445,7060,45.6,34.0,20.4,23.7,389.0,0.0,892367.13,40229921.75,2409581.85,5226999.94,1021347.3,2181731.21,0.0,3833320.02,23727.9,3321824.79,0.0,132.16,5958.22,356.87,774.14,151.27,323.12,0.0,567.73,3.51,491.98,1025.0,7
706,Muscogee County,1828,91.91,1989,32403,59.0,23.6,17.4,18.6,1738.0,60302.52,4559619.23,187254071.8,14099648.19,24421398.15,5146926.37,10508803.51,0.0,19879837.63,0.0,12388672.2,2.0,151.22,6210.13,467.6,809.92,170.69,348.52,0.0,659.3,0.0,410.86,1111.0,5
707,Newton County,1229,91.1,1349,19595,54.9,25.9,19.2,20.0,1270.0,0.0,2778094.45,121680626.4,10426665.81,14481036.94,2646649.05,9349707.02,0.0,13413139.3,115179.07,9652371.53,0.0,150.98,6613.08,566.67,787.01,143.84,508.14,0.0,728.97,6.26,524.59,1009.0,4
708,Oconee County,626,98.58,635,8516,41.8,39.0,19.3,16.3,608.0,0.0,1319023.21,57532102.61,1857070.27,6114090.83,1050883.56,2679498.65,0.0,5619878.05,229675.04,3663539.85,0.0,159.38,6951.68,224.39,738.77,126.98,323.77,0.0,679.06,27.75,442.67,1127.0,7
709,Oglethorpe County,130,94.89,137,2195,40.8,36.3,23.0,22.4,132.0,0.0,727776.42,14412320.59,1031194.13,1785824.22,363822.18,824143.39,0.0,1597079.28,15885.73,1535196.63,0.0,344.92,6830.48,488.72,846.36,172.43,390.59,0.0,756.91,7.53,727.58,1047.0,8
710,Paulding County,2237,91.16,2454,31991,49.8,34.3,15.9,14.2,2224.0,0.0,3341159.49,198941591.6,14786647.96,19267495.89,5055573.22,11937863.11,0.0,19700540.84,122153.16,15433331.1,0.0,111.31,6627.63,492.61,641.89,168.42,397.7,0.0,656.31,4.07,514.15,1060.0,5
711,Peach County,196,87.5,224,3862,42.6,35.2,22.1,23.1,186.0,0.0,1505302.88,20577640.02,920190.32,2684083.25,582502.13,1667258.94,0.0,1969354.75,24712.56,1832273.59,0.0,420.12,5743.13,256.82,749.12,162.57,465.32,0.0,549.64,6.9,511.38,1039.0,0
784,Pelham City,86,83.5,103,1393,72.4,23.3,4.4,5.3,82.0,0.0,524074.63,9109326.5,395721.54,891718.48,160378.39,456062.52,0.0,1026230.59,14070.5,450123.07,0.0,391.98,6813.26,295.98,666.95,119.95,341.11,0.0,767.56,10.52,336.67,955.0,8
712,Pickens County,285,96.61,295,4405,57.9,32.5,9.7,10.9,244.0,0.0,1358147.51,30326868.39,2474393.71,3207186.21,948959.47,1888314.0,0.0,2617009.98,26310.36,2960865.35,0.0,328.61,7337.74,598.69,775.99,229.61,456.89,0.0,633.2,6.37,716.4,1121.0,0
713,Pierce County,202,93.52,216,3614,38.8,37.4,23.9,23.0,215.0,0.0,1113388.79,18603126.84,1076190.46,2621916.16,627745.76,2173543.0,0.0,2280563.77,33562.57,1490096.67,0.0,321.14,5365.77,310.41,756.25,181.06,626.92,0.0,657.79,9.68,429.79,1138.0,0
714,Pike County,276,95.83,288,3511,41.4,40.4,18.3,16.8,267.0,0.0,1044359.72,18411779.31,1224757.04,1836925.4,497319.44,2143407.23,0.0,1927627.59,5595.45,1980986.02,0.0,314.76,5549.06,369.13,553.62,149.89,645.99,0.0,580.96,1.69,597.04,1049.0,0
715,Polk County,486,87.88,553,8058,48.1,33.6,18.3,23.5,503.0,0.0,1804304.07,50384740.15,1111010.96,6935291.2,1209291.67,1387843.61,0.0,4481759.93,43181.15,3192735.48,0.0,238.79,6668.18,147.04,917.85,160.04,183.67,0.0,593.14,5.71,422.54,1059.0,7
716,Pulaski County,85,94.44,90,1287,40.9,34.1,24.9,23.8,67.0,0.0,1055051.62,7107430.11,151474.28,830991.34,163849.75,746373.62,0.0,869739.43,15948.34,730571.24,0.0,869.79,5859.38,124.88,685.07,135.08,615.31,0.0,717.02,13.15,602.28,0.0,8
717,Putnam County,156,90.7,172,3019,35.6,37.7,26.7,24.3,181.0,0.0,1334664.63,20595215.69,1662242.28,3325172.26,520334.77,1613728.27,0.0,2088144.06,16033.66,3153814.68,0.0,454.28,7009.94,565.77,1131.78,177.11,549.26,0.0,710.74,5.46,1073.46,1118.0,0
718,Quitman County,32,91.43,35,291,58.4,21.6,19.9,17.2,19.0,750.0,632139.22,2049423.04,140382.25,300193.38,65652.38,104188.56,0.0,372244.9,6948.32,173776.6,2.78,2341.26,7590.46,519.93,1111.83,243.16,385.88,0.0,1378.68,25.73,643.62,0.0,8
719,Rabun County,116,93.55,124,2212,52.6,35.8,11.5,11.1,156.0,0.0,916515.08,17256466.14,1371118.78,2881814.22,425119.3,931709.87,0.0,2043709.95,188828.5,1454132.53,0.0,442.12,8324.39,661.42,1390.17,205.07,449.45,0.0,985.87,91.09,701.46,1064.0,0
720,Randolph County,48,85.71,56,781,57.5,20.0,22.5,21.1,49.0,0.0,619694.56,3539552.01,367577.75,1696347.49,161811.73,392445.54,6672.14,869007.81,15466.1,359657.96,0.0,858.3,4902.43,509.11,2349.51,224.12,543.55,9.24,1203.61,21.42,498.14,0.0,8
721,Richmond County,1675,79.38,2110,31353,57.5,26.5,16.0,19.7,1502.0,357394.0,6732083.0,152573101.8,10745429.78,27838169.34,4165000.2,9746147.2,75371.0,27143717.29,180713.17,12000414.82,12.53,236.08,5350.44,376.82,976.23,146.06,341.78,2.64,951.88,6.34,420.83,1020.0,5
722,Rockdale County,1118,87.21,1282,16389,49.1,23.6,27.3,28.4,1075.0,0.0,4842379.5,107248553.6,10152204.1,9959979.01,3019568.37,7805201.83,0.0,13474088.95,108260.89,8205016.36,0.0,310.63,6879.76,651.24,638.91,193.7,500.69,0.0,864.33,6.94,526.33,1075.0,4
785,Rome City,425,93.61,454,6574,48.9,30.3,20.8,19.9,412.0,0.0,1466933.28,42421265.04,784262.58,4762744.4,909120.01,2607862.41,0.0,3426770.77,31076.47,2084937.79,0.0,229.6,6639.73,122.75,745.46,142.29,408.18,0.0,536.35,4.86,326.33,1091.0,7
625,Savannah-Chatham County,2068,91.26,2266,38202,62.6,18.4,19.0,19.9,1999.0,0.0,15773031.73,244984914.6,22445542.71,41173616.95,6617593.08,23561635.61,1210301.95,27496015.33,122443.37,21074569.7,0.0,448.35,6963.76,638.02,1170.37,188.11,669.75,34.4,781.58,3.48,599.05,1042.0,1
723,Schley County,83,97.65,85,1237,43.3,39.1,17.5,15.2,102.0,33229.08,612677.16,7427004.16,345664.73,912806.82,271401.93,438488.79,0.0,804522.65,6879.5,433203.04,27.51,507.18,6148.18,286.15,755.63,224.67,362.99,0.0,666.0,5.69,358.61,1190.0,8
724,Screven County,116,92.8,125,2230,51.6,30.3,18.1,17.6,90.0,0.0,775357.35,12997787.95,862932.7,1756863.02,377827.18,1021106.43,0.0,1526334.23,18163.21,1488761.42,0.0,377.3,6324.96,419.92,854.92,183.86,496.89,0.0,742.74,8.84,724.46,1112.0,8
725,Seminole County,100,90.91,110,1361,33.8,41.1,25.1,25.9,91.0,0.0,521666.92,5747590.99,194946.07,1305213.69,461554.04,813985.7,0.0,1106411.01,27452.61,998505.23,0.0,413.04,4550.75,154.35,1033.42,365.44,644.49,0.0,876.02,21.74,790.58,1053.0,8
786,Social Circle City,111,95.69,116,1861,50.2,37.5,12.3,11.9,119.0,13711.06,1107467.04,11528938.81,472224.24,1604948.66,310819.08,887434.91,0.0,1596816.92,84671.93,637837.42,7.76,626.4,6520.89,267.1,907.78,175.8,501.94,0.0,903.18,47.89,360.77,1108.0,8
727,Stephens County,260,94.2,276,3986,40.1,36.8,23.1,22.2,236.0,0.0,1257958.64,25382676.26,1468987.23,2200931.67,384556.29,1555548.19,0.0,2115315.06,35875.78,1729742.16,0.0,330.69,6672.63,386.17,578.58,101.09,408.92,0.0,556.08,9.43,454.72,1074.0,0
728,Stewart County,24,88.89,27,442,64.5,17.6,17.9,16.3,23.0,0.0,402426.45,2604562.4,273715.21,388942.46,79729.3,396665.48,0.0,490218.39,2971.87,457293.73,0.0,976.76,6321.75,664.36,944.04,193.52,962.78,0.0,1189.85,7.21,1109.94,0.0,8
729,Sumter County,199,98.51,202,3615,69.8,17.1,13.1,11.0,230.0,0.0,1315174.81,21571573.69,1694027.03,2389448.17,613808.44,1277740.14,0.0,2702499.76,4943.0,2758417.83,0.0,364.62,5980.48,469.65,662.45,170.17,354.24,0.0,749.24,1.37,764.74,963.0,0
730,Talbot County,41,97.62,42,471,62.0,24.6,13.4,14.0,29.0,0.0,556274.72,2931987.64,209424.27,766062.67,97397.46,287279.54,0.0,527007.32,3075.03,483538.03,0.0,1233.43,6501.08,464.36,1698.59,215.96,636.98,0.0,1168.53,6.82,1072.15,0.0,8
731,Taliaferro County,14,93.33,15,176,57.4,14.2,28.4,25.0,11.0,0.0,439846.53,1934789.23,109413.37,356594.49,90076.54,238304.27,0.0,177304.99,5698.5,163456.17,0.0,2602.64,11448.46,647.42,2110.03,533.0,1410.08,0.0,1049.14,33.72,967.2,0.0,8
732,Tattnall County,230,89.49,257,3720,44.7,37.3,18.0,19.0,217.0,246183.24,1291255.37,21184002.62,1697692.51,2187277.67,538096.15,1702748.92,-10.0,2125387.47,41165.94,2079488.74,68.25,357.99,5873.03,470.67,606.4,149.18,472.07,0.0,589.24,11.41,576.51,1041.0,0
733,Taylor County,95,85.59,111,1359,42.7,38.3,19.1,15.3,84.0,0.0,775310.32,9745264.39,281810.81,1106337.04,257523.14,458187.05,0.0,740749.27,9418.56,685113.79,0.0,605.24,7607.54,219.99,863.65,201.03,357.68,0.0,578.26,7.35,534.83,958.0,8
734,Telfair County,108,91.53,118,1612,55.6,31.9,12.5,12.7,97.0,0.0,799912.97,9329294.25,410847.52,1192848.46,234405.45,579708.17,25615.0,1084686.04,8497.48,996557.63,0.0,520.44,6069.81,267.3,776.09,152.51,377.17,16.67,705.72,5.53,648.38,980.0,8
735,Terrell County,80,88.89,90,1165,81.7,16.3,2.0,2.2,70.0,170359.87,667181.01,6479755.86,657695.85,1098003.55,235099.54,591287.96,0.0,1071831.31,13047.01,503291.21,149.57,585.76,5688.99,577.43,964.01,206.41,519.13,0.0,941.03,11.45,441.87,908.0,8
736,Thomas County,330,95.93,344,5859,48.6,34.9,16.5,17.8,349.0,0.0,1422267.95,34279458.04,3419735.3,4932215.61,708107.19,2584531.7,0.0,3060314.66,55920.28,2979097.02,0.0,255.44,6156.51,614.18,885.81,127.17,464.18,0.0,549.63,10.04,535.04,1030.0,0
745,Thomaston-Upson County,269,88.78,303,4094,41.7,36.1,22.2,22.5,247.0,0.0,1322435.13,24218338.84,1089835.76,3495888.0,431192.36,1542879.33,0.0,2839517.41,119833.78,2201531.75,0.0,337.18,6175.0,277.88,891.35,109.94,393.39,0.0,724.0,30.55,561.33,1041.0,0
789,Thomasville City,151,83.43,181,2745,50.2,31.5,18.2,19.1,181.0,0.0,870020.86,12157490.72,1037878.42,1725677.49,371760.97,1552125.61,7714.0,2419512.16,41904.69,564321.94,0.0,335.27,4684.97,399.95,665.0,143.26,598.12,2.97,932.37,16.15,217.47,1058.0,8
737,Tift County,500,93.81,533,7910,22.4,32.9,44.8,44.3,483.0,0.0,1059276.1,43248750.86,1574283.46,4077266.13,1065314.24,3130006.89,0.0,5787789.87,62496.88,1869027.28,0.0,140.92,5753.46,209.43,542.41,141.72,416.39,0.0,769.96,8.31,248.64,1059.0,7
738,Toombs County,169,94.41,179,2959,31.8,38.1,30.2,33.2,174.0,4282.07,281228.24,14787288.01,475800.64,1924847.74,607486.57,986949.23,0.0,1482750.9,68629.32,1260249.42,1.56,102.15,5371.34,172.83,699.18,220.66,358.5,0.0,538.59,24.93,457.77,979.0,8
739,Towns County,72,92.31,78,1003,47.7,37.1,15.3,14.1,68.0,0.0,563834.81,8522089.31,160356.43,930315.65,251460.08,1190986.03,0.0,863998.3,13760.21,491425.74,0.0,589.79,8914.32,167.74,973.13,263.03,1245.8,0.0,903.76,14.39,514.04,1035.0,8
740,Treutlen County,52,89.66,58,1112,45.7,36.1,18.3,18.3,84.0,0.0,671974.69,6375438.39,233375.19,798917.02,101893.87,303125.09,0.0,702643.53,9817.45,607238.86,0.0,636.34,6037.35,221.0,756.55,96.49,287.05,0.0,665.38,9.3,575.04,1008.0,8
791,Trion City,78,98.73,79,1273,45.5,40.5,14.1,11.2,89.0,23190.0,551144.06,8159189.32,85428.42,1541017.91,197634.3,379385.39,0.0,1157868.68,4390.16,46361.17,18.32,435.34,6444.86,67.48,1217.23,156.11,299.67,0.0,914.59,3.47,36.62,995.0,8
741,Troup County,746,87.87,849,12467,47.4,35.0,17.6,17.3,739.0,0.0,3350952.56,67157949.57,4074369.77,12862685.89,1859979.28,6829127.78,913679.28,8444113.05,82630.3,9040917.42,0.0,284.0,5691.83,345.31,1090.15,157.64,578.79,77.44,715.66,7.0,766.24,1110.0,7
742,Turner County,80,95.24,84,1171,45.0,30.2,24.8,26.0,75.0,0.0,861377.89,6618643.54,708168.3,1043852.62,199066.78,797581.6,0.0,658268.54,8716.8,641126.43,0.0,772.54,5936.0,635.13,936.19,178.54,715.32,0.0,590.38,7.82,575.0,0.0,8
743,Twiggs County,49,76.56,64,768,42.2,25.3,32.6,33.2,40.0,0.0,967200.49,4141500.88,91641.93,1336616.81,155675.5,490980.4,0.0,678901.75,11028.69,673400.76,0.0,1395.67,5976.19,132.24,1928.74,224.64,708.49,0.0,979.66,15.91,971.72,903.0,8
744,Union County,175,94.59,185,2973,77.1,14.9,7.9,8.4,218.0,0.0,1056506.12,16111941.09,886785.46,3926438.41,443087.01,1170908.05,0.0,1912666.22,23314.1,1230568.97,0.0,376.79,5746.06,316.26,1400.3,158.02,417.58,0.0,682.12,8.31,438.86,1062.0,0
792,Valdosta City,394,92.71,425,8960,55.5,31.8,12.8,17.6,490.0,0.0,1934091.2,47108601.57,3011201.3,6861547.89,1058182.56,3566251.56,0.0,5474242.46,58742.91,2941252.39,0.0,238.6,5811.57,371.48,846.48,130.54,439.95,0.0,675.33,7.25,362.85,1066.0,7
793,Vidalia City,153,94.44,162,2501,59.5,27.7,12.9,13.4,176.0,0.0,778702.4,11483663.21,730929.97,970261.85,456970.23,1323853.36,0.0,1424131.89,20055.82,712587.36,0.0,333.06,4911.75,312.63,415.0,195.45,566.23,0.0,609.12,8.58,304.79,1021.0,8
746,Walker County,526,92.44,569,8766,44.9,33.9,21.3,22.9,539.0,0.0,1010943.33,56984038.02,2157988.39,5064992.44,1296796.22,4395421.55,0.0,6286894.75,72577.47,4522636.84,0.0,124.35,7009.11,265.44,623.0,159.51,540.64,0.0,773.3,8.93,556.29,1214.0,7
747,Walton County,803,93.92,855,14465,35.6,38.5,25.8,25.3,984.0,0.0,3199296.63,79475029.61,4662715.6,7799474.28,1886214.57,4236859.2,0.0,9420350.3,68998.96,5770303.82,0.0,236.72,5880.51,345.0,577.1,139.56,313.49,0.0,697.03,5.11,426.96,1059.0,4
748,Ware County,329,91.14,361,6295,38.8,35.7,25.5,28.5,341.0,0.0,874874.88,38634723.07,2018074.35,5872622.56,1320966.35,2305075.4,47392.61,4188622.19,104330.59,3037971.03,0.0,151.07,6671.51,348.48,1014.09,228.11,398.04,8.18,723.3,18.02,524.6,1048.0,7
749,Warren County,39,86.67,45,653,47.8,24.2,28.0,25.4,40.0,0.0,675288.47,3663665.43,277540.89,690070.53,94633.8,196617.75,0.0,577181.3,4575.5,512471.82,0.0,1089.17,5909.14,447.65,1113.02,152.64,317.13,0.0,930.94,7.38,826.57,0.0,8
750,Washington County,211,95.05,222,3016,38.8,35.0,26.2,23.0,210.0,0.0,1583857.9,16640487.38,1250418.66,2638366.93,459587.37,1320034.64,0.0,2326565.08,20631.05,986125.8,0.0,540.38,5677.41,426.62,900.16,156.8,450.37,0.0,793.78,7.04,336.45,986.0,0
751,Wayne County,318,94.08,338,5202,27.8,39.0,33.2,32.8,276.0,0.0,1885403.03,31673727.65,1696020.1,3949115.02,1072591.63,2206245.16,16500.0,2962979.37,59510.38,2502243.27,0.0,394.68,6630.46,355.04,826.69,224.53,461.85,3.45,620.26,12.46,523.81,1072.0,0
752,Webster County,11,100,11,277,65.3,25.3,9.4,11.6,17.0,0.0,448705.14,2230346.36,15113.0,286721.87,94355.24,88697.92,0.0,233588.96,721.1,172319.11,0.0,1661.87,8260.54,55.97,1061.93,349.46,328.51,0.0,865.14,2.67,638.22,0.0,8
753,Wheeler County,61,89.71,68,944,41.3,40.3,18.4,18.6,65.0,0.0,858980.36,5587257.21,122694.57,541566.7,238674.62,269281.32,0.0,809007.9,9499.86,719777.18,0.0,967.32,6291.96,138.17,609.87,268.78,303.24,0.0,911.04,10.7,810.56,0.0,8
754,White County,257,94.83,271,4001,47.0,37.6,15.4,15.4,252.0,0.0,1271341.24,26445114.99,780287.04,2219245.96,624600.25,1251146.86,0.0,3027222.29,147336.86,2004582.26,0.0,339.75,7067.11,208.52,593.06,166.92,334.35,0.0,808.99,39.37,535.7,1106.0,0
755,Whitfield County,892,88.49,1008,13054,50.2,37.3,12.4,13.6,905.0,0.0,2001432.36,84344243.35,4834090.17,6344126.83,2746310.9,5356582.97,0.0,10082618.97,75720.2,6565583.53,0.0,157.07,6619.39,379.38,497.89,215.53,420.39,0.0,791.29,5.94,515.27,1050.0,4
756,Wilcox County,81,97.59,83,1193,46.1,35.0,18.9,17.0,81.0,0.0,582287.7,6743193.66,213272.88,929122.25,110960.02,397089.04,0.0,872060.91,33994.83,398951.67,0.0,507.66,5878.98,185.94,810.05,96.74,346.2,0.0,760.3,29.64,347.82,1060.0,8
757,Wilkes County,86,83.5,103,1375,45.4,39.1,15.5,15.6,85.0,0.0,568901.78,7738002.97,509508.45,1492698.78,359059.26,924507.52,3006.0,1114473.98,16527.82,1238441.34,0.0,432.3,5879.94,387.16,1134.27,272.84,702.51,2.28,846.86,12.56,941.06,945.0,8
758,Wilkinson County,94,95.92,98,1171,82.2,14.7,3.1,3.8,87.0,0.0,582119.18,4983700.4,548134.48,1820856.45,149186.05,347901.22,0.0,1336957.89,10128.05,818861.61,0.0,520.68,4457.69,490.28,1628.67,133.44,311.18,0.0,1195.85,9.06,732.43,997.0,8
759,Worth County,168,88.89,189,3194,40.0,38.4,21.5,21.9,182.0,0.0,617095.76,15244010.72,866698.95,2298522.8,616550.38,2096211.69,0.0,1487167.86,28771.38,2196749.12,0.0,205.29,5071.19,288.32,764.64,205.11,697.34,0.0,494.73,9.57,730.79,1023.0,8
