SCHOOL_DSTRCT_NM,SCHOOL_DSTRCT_CD,PERCENT_Grad_Rate,Percent Direct Certified,ACT Composite,STUDENT_COUNT_ALL_Attendance,FIVE_OR_FEWER_PERCENT_ALL_Attendance,SIX_TO_FIFTEEN_PERCENT_ALL_Attendance,OVER_15_PERCENT_ALL_Attendance,CHRONIC_ABSENT_PERC_ALL_Attendance,PROGRAM_PERCENT_Dropout,Teachers_Percent_Inexp,HOPE_ELIGIBLE_PCT,Debt Services_Expenditures_Per Student,Federal_Revenues_Per Student,General Administration_Expenditures_Per Student,Instruction_Expenditures_Per Student,Instructional Support_Expenditures_Per Student,Local_Revenues_Per Student,Maintenance and Operations_Expenditures_Per Student,Media_Expenditures_Per Student,Other_Revenues_Per Student,Pupil Services_Expenditures_Per Student,Renovation and Capital Projects_Expenditures_Per Student,School Administration_Expenditures_Per Student,School food Services_Expenditures_Per Student,State Other_Revenues_Per Student,State QBE_Revenues_Per Student,Transportation_Expenditures_Per Student,Debt Services_Expenditures_Dollars per FTE_Per Student,Federal_Revenues_Dollars per FTE_Per Student,General Administration_Expenditures_Dollars per FTE_Per Student,Instruction_Expenditures_Dollars per FTE_Per Student,Instructional Support_Expenditures_Dollars per FTE_Per Student,Local_Revenues_Dollars per FTE_Per Student,Maintenance and Operations_Expenditures_Dollars per FTE_Per Student,Media_Expenditures_Dollars per FTE_Per Student,Other_Revenues_Dollars per FTE_Per Student,Pupil Services_Expenditures_Dollars per FTE_Per Student,Renovation and Capital Projects_Expenditures_Dollars per FTE_Per Student,School Administration_Expenditures_Dollars per FTE_Per Student,School food Services_Expenditures_Dollars per FTE_Per Student,State Other_Revenues_Dollars per FTE_Per Student,State QBE_Revenues_Dollars per FTE_Per Student,Transportation_Expenditures_Dollars per FTE_Per Student,SAT Combined Score,Labels,Labels,FIPS,Latitude,Longitude
Appling County,601,92.76,41.45976668,19,3533,57.4,34.4,8.2,8.4,1.9,27.29712988,46.57,0,0,237.9581432,6623.394953,438.1712369,4348.681613,743.3099689,206.301953,0,313.1899689,0,549.1135834,8.12876026,209.5860543,5591.990659,615.370617,0,0,0.069617888,1.937797905,0.128194169,1.272287008,0.217469573,0.060356637,0,0.091630342,0,0.160653835,0.002377583,0.061318992,1.636043023,0.180039626,1005,16,9,13001,,
Atkinson County,602,91.94,43.2160804,19.41111111,1702,60.3,33.2,6.5,6.9,1.833333333,37.77292576,43.59,0,0,417.0865687,5975.374307,457.2726557,1645.134395,765.5221739,235.2405288,0,269.0002526,0,784.757262,10.1262926,185.233161,7974.827262,562.6085958,0,0,0.250951821,3.595293772,0.275135135,0.989853114,0.46060517,0.141539365,0,0.161850764,0,0.472173913,0.006092832,0.111451234,4.798331375,0.338513514,1004,11,13,13003,,
Atlanta Public Schools,761,80.26,48.37741917,19,57060,52.9,33.9,13.2,15,4,53.040497,40.2,16.91653803,23.1292904,284.491554,9408.840938,940.2383812,11623.69587,1517.992861,101.0763006,39.56249877,773.0292294,0,701.6518013,1.300753067,105.1898267,3583.617911,575.1917326,0.000327725,0.000448125,0.005511216,0.182271293,0.018214686,0.225178058,0.029407115,0.001958114,0.000766386,0.014975464,0,0.013592709,2.52E-05,0.002037855,0.069423063,0.011142832,969,9,11,,33.748783,-84.388168
Bacon County,603,92.86,41.72876304,19.41111111,2147,52.1,38,9.9,10.1,1.833333333,34.68815697,52.14,0,98.12050769,391.9676712,6387.909762,280.3407825,1927.605277,832.0658919,175.5278435,6.131383326,509.3239031,0,637.5867583,9.791485794,208.9329809,7835.123428,519.9230182,0,0.047838845,0.191108524,3.114536563,0.136683745,0.939836982,0.405687005,0.085579879,0.002990219,0.248327899,0,0.310866325,0.004774103,0.101867722,3.820149045,0.253497904,954,11,13,13005,,
Baker County,604,89.71179775,63.41463415,19.41111111,278,60.1,32.4,7.6,8.3,1.833333333,57.69230769,0,0,0,1977.103561,8187.789029,770.4970863,8948.438597,1690.906511,109.8226619,0,647.041223,0,824.4123741,8.601906475,486.0272662,8380.28777,1339.894353,0,0,7.908417266,32.75115108,3.081978417,35.79374101,6.763633094,0.439280576,0,2.588165468,0,3.297661871,0.03442446,1.944100719,33.52115108,5.359568345,998.0346821,7,8,13007,,
Baldwin County,605,85.02,53.01306363,15.6,5031,57.8,32.9,9.3,8.7,2.7,58.36685438,27.97,0,0,388.3363407,5797.354184,467.5419936,3807.260759,771.8019996,178.7594852,0,323.4068396,0,645.1758974,8.480031803,119.0280759,5115.960644,545.1465633,0,0,0.081858477,1.222039356,0.098554959,0.802542238,0.162689326,0.037680382,0,0.068171338,0,0.135998807,0.001786921,0.025090439,1.078405884,0.114913536,904,16,9,13009,,
Banks County,606,88.34,24.25905598,20.1,2945,50.9,38.8,10.4,10.2,1.7,31.33640553,50,0,0,263.4477419,6836.35384,352.3045399,3234.969158,774.601657,183.0204075,0,311.6769338,0,506.4555484,6.606410866,421.3870934,6432.78472,625.6160917,0,0,0.09486927,2.461775891,0.126865874,1.164913413,0.278933786,0.065904924,0,0.112234295,0,0.182373514,0.002380306,0.151741935,2.316451613,0.225283531,1043,0,0,13011,,
Barrow County,607,85.13,20.67213472,19.3,14712,56.2,35.7,8.1,9.5,1.5,42.63908627,46.75,0,0,238.0352889,5901.081576,422.572897,3412.599765,695.1828188,146.3247206,0,392.7201652,0,592.4426026,3.981343121,116.024028,6038.826944,557.4604031,0,0,0.016761827,0.415539695,0.029756661,0.240307232,0.048953235,0.010303834,0,0.027654296,0,0.041718325,0.000280044,0.008170201,0.42523926,0.03925503,1004,5,15,13013,,
Bartow County,608,91.16,25.48958898,20.2,13930,52.3,37.9,9.9,10.4,1.1,29.51209366,49.2,0,6.866961953,171.0768291,6380.985824,185.785827,4258.129676,792.1030675,153.2601622,29.11640488,383.2276439,0,724.302117,5.23795621,128.202542,5533.761091,523.4870459,0,0.000521895,0.013002872,0.484987796,0.014120603,0.323639627,0.060203877,0.011648241,0.002213209,0.029127064,0,0.055050969,0.000398421,0.009743719,0.420594401,0.039787509,1007,5,15,13015,,
Ben Hill County,609,85.65,45.57137895,16,3092,54.7,37.1,8.2,9.3,2.2,31.96891192,49.43,0,36.91445343,519.2114877,6413.466439,278.2039554,2270.405191,781.0507245,100.2266041,95.53700194,285.5414554,0,730.2497736,6.679062096,158.1094405,6921.14295,520.9873383,0,0.012719922,0.178916559,2.210016171,0.095866753,0.782357697,0.26914295,0.034537516,0.03292044,0.09839586,0,0.251636481,0.002302717,0.054482536,2.384954722,0.179527814,928,0,0,13017,,
Berrien County,610,88.29,36.71641791,21.1,3223,54.3,37.2,8.5,8.7,1.1,28.59266601,46.2,0,0,276.9407136,5162.559836,358.8621874,1841.501948,642.6947068,149.356829,0,259.9022277,0,489.4968228,7.833028235,197.85861,6804.775675,602.8321688,0,0,0.091070431,1.697651257,0.118008067,0.605556935,0.211343469,0.049115731,0,0.085466956,0,0.160964939,0.00257524,0.065063605,2.237676078,0.198234564,1012,0,0,13019,,
Bibb County,611,76.06,54.73251029,17.7,23508,59.5,31.5,9.1,11.3,2.9,52.19221835,26.53,25.52322614,51.54322954,253.4761953,5465.386001,685.6989718,3886.227695,866.1250978,183.6471512,0.69612132,345.8775583,0.88850604,742.4313442,5.791281691,96.91623235,5435.589246,386.6155505,0.001213204,0.002449804,0.012046963,0.259749447,0.032588906,0.184697975,0.041163859,0.008728093,3.32E-05,0.016438234,4.21E-05,0.035285009,0.000275225,0.004606092,0.258333333,0.018374596,915,12,5,13021,,
Bleckley County,612,95.81,29.64360587,19,2541,64.4,30.3,5.3,5.3,1.833333333,28.07520714,44.81,0,0,383.717623,5741.516025,158.2154978,1703.174754,720.4607517,121.1349784,0,310.6926604,0,630.4004447,11.47256985,184.6665958,7567.258953,690.8326407,0,0,0.160149547,2.396292798,0.066033058,0.710842188,0.300692641,0.050558835,0,0.129673357,0,0.263105077,0.004789453,0.077072019,3.158288076,0.28832743,1107,11,13,13023,,
Brantley County,613,94.38,36.98798891,20.7,3489,58.6,34.8,6.6,7.7,1.6,28.38547614,52.08,0,0,278.4175265,5693.037214,323.1218372,1641.530476,996.8803439,192.9764173,0,336.2442906,27.2394239,735.522356,6.435454285,227.3657036,7734.186586,722.633597,0,0,0.085614789,1.750627687,0.099360848,0.504775007,0.306543422,0.059340785,0,0.103396389,0.008374893,0.226176555,0.001977644,0.069916882,2.378286042,0.222212668,1034,0,0,13025,,
Bremen City,763,97.14,11.35957066,22.8,2312,74.9,22.9,2.2,2.3,1.833333333,21.35231317,72.19,0,34.58403547,520.960186,6322.388534,208.192859,2248.909624,841.9592171,149.4775087,0,294.7340138,0,695.9684213,5.121890138,121.0168166,7017.698962,56.9586981,0,0.01524654,0.229701557,2.787651384,0.091794983,0.991583045,0.371232699,0.065908304,0,0.129952422,0,0.306864187,0.002257785,0.053356401,3.094221453,0.025112457,1129,11,13,,33.721218,-85.145504
Brooks County,614,89.8,54.98795181,16.8,2321,53.7,36.4,9.8,11,1.833333333,55.7415467,32,0,0,818.750698,5499.722693,125.0809177,3514.927919,905.2789703,151.9400129,0,612.3492589,63.39703145,930.9431452,9.343265834,216.7586514,5802.850495,660.5059156,0,0,0.385114175,2.586889272,0.0588324,1.65330461,0.42581215,0.071469194,0,0.288026713,0.029819044,0.437884533,0.004394657,0.101956053,2.729470056,0.310680741,1025,13,6,13027,,
Bryan County,615,93.15,12.14814815,21.9,10055,68.9,26.8,4.3,4.5,0.8,47.95045229,47.06,0,116.9367379,197.2743839,5522.64108,416.3415942,2608.438842,724.6646494,135.7392929,23.45549378,307.1981044,0,600.5471348,2.840133267,121.3867648,5749.275584,443.829996,0,0.012234709,0.020639483,0.577803083,0.043559423,0.272906017,0.075818001,0.01420189,0.0024545,0.032140229,0,0.062831427,0.000297364,0.012700149,0.601514669,0.046435604,1065,10,7,13029,,
Buford City,764,92.75,10.74684772,24.1,5340,74.1,23.5,2.4,2.4,1.833333333,34.49454664,68.03,0,0,764.678779,7034.213742,68.28270974,6191.94638,885.5595674,139.4410599,0,479.104133,0,758.9230169,2.174305243,83.2228221,5035.840637,303.1684101,0,0,0.144116105,1.325709738,0.012868914,1.166970037,0.166897004,0.026279026,0,0.090294007,0,0.143031835,0.000410112,0.015685393,0.94908427,0.057136704,1115,16,9,,34.120655,-84.004349
Bulloch County,616,83.49,36.71288273,19.9,11293,56.7,34.8,8.5,9.2,1.9,36.34215141,42.81,0,0,142.8895201,5847.543118,356.038136,3162.028804,812.5742726,132.8954689,0,385.8904977,0,695.4106863,6.498592934,122.5318295,5903.664482,513.6329735,0,0,0.013720889,0.561508014,0.034188435,0.303632339,0.078027096,0.012761002,0,0.037054813,0,0.066776764,0.000624281,0.011765696,0.566897193,0.049321704,1039,10,7,13031,,
Burke County,617,91.79,47.53194688,17.7,4267,63.7,30.6,5.7,6,1.8,30.20180932,20.16,0,0,702.8307546,7581.398662,294.4710007,14527.8985,1154.72105,169.4428849,0,405.2281603,2.812280291,965.0993625,5.047096321,218.1846567,2362.523787,1248.756283,0,0,0.173752051,1.874265292,0.072798219,3.59157019,0.285469885,0.041888915,0,0.100180455,0.000696039,0.238591516,0.001246778,0.053939536,0.584061401,0.308715725,975,15,14,13033,,
Butts County,618,87.76,40.79928422,18.2,3558,58.7,33.1,8.3,9.1,1.9,43.45076784,49.52,0,0,308.7891596,5622.669317,411.7546178,3499.756925,601.0653682,139.2046768,0,480.7842608,0,770.0071051,11.37974986,92.4687493,5486.227656,574.6987605,0,0,0.091304103,1.6625267,0.121748173,1.034820124,0.17772344,0.041160764,0,0.142158516,0,0.227678471,0.00336425,0.027341203,1.622183811,0.169929736,971,16,0,13035,,
Calhoun City,765,100,23.78810595,20.5,4186,63.1,30.2,6.7,6.9,1.833333333,39.0736342,52.43,11.00164835,11.94151935,240.4514405,5092.902499,440.3192236,3793.905908,771.3121214,91.41068562,60.52078356,461.2245485,0,522.613698,7.767623029,103.6155781,5323.523172,234.4967391,0.002625418,0.002849976,0.057386527,1.215489728,0.10508839,0.905465839,0.184085045,0.021815576,0.014443383,0.110076445,0,0.124727664,0.001853798,0.024730053,1.270530339,0.055965122,1033,16,0,13037,,
Calhoun County,619,92.86,68.63905325,19.41111111,520,62.9,29.4,7.7,5.6,1.833333333,55.24861878,28.3,0,0,1566.315,5902.095,546.4217308,5580.420673,1256.423288,310.8903654,2.832923077,294.4524423,173.0769231,1216.295654,7.169576923,468.3069808,6978.788462,878.9374038,0,0,3.059211538,11.52753846,1.067230769,10.89925,2.453942308,0.607211538,0.005538462,0.575096154,0.338038462,2.375576923,0.014,0.914653846,13.63044231,1.716673077,866,13,6,,34.50169,-84.939697
Camden County,620,95.64,22.27277772,20.8,9771,61,32,7,7.4,0.8,32.38666431,48.68,0,534.2016979,118.5164405,5607.970289,476.829782,2708.084705,722.6213294,175.0101924,0,356.8586337,0,627.08895,4.278293931,126.799085,6014.283185,406.1033722,0,0.059118821,0.013116365,0.62062532,0.052770443,0.29969911,0.079971344,0.01936854,0,0.039493399,0,0.069399243,0.000473851,0.014032341,0.665591035,0.044943199,1055,10,7,13039,,
Candler County,621,96.21,46.12810707,17.9,2240,68.5,27.4,4.1,5.4,1.833333333,40.03717472,43.75,0,0,396.6093884,5456.776804,251.6835804,2331.964804,607.640875,146.5770045,0,263.7173973,0,658.293692,7.462558036,205.8160134,6485.248661,522.6418393,0,0,0.188504464,2.593526786,0.119620536,1.108348214,0.288803571,0.069665179,0,0.125339286,0,0.312875,0.003544643,0.097821429,3.08234375,0.248401786,1011,11,13,13043,,
Carroll County,622,95.08,30.55054777,19.9,15579,56.7,35.7,7.6,8.5,1.2,37.08142009,56.65,25.75289685,3.580776687,179.4703062,5942.093969,240.8134803,2739.858705,799.122307,153.0510713,6.080459593,300.791002,0.590538545,737.3570666,4.663278773,180.3597375,6232.965274,529.8494775,0.001769048,0.000245844,0.01232685,0.408139162,0.016540214,0.188189871,0.054888632,0.010512228,0.00041787,0.020659863,4.04E-05,0.050646383,0.000320303,0.012388472,0.428117979,0.036393222,1013,5,15,13045,,
Carrollton City,766,90.67,30.57663126,20.9,5527,64.4,29.5,6,6.1,0.9,37.43640243,61.46,0,104.4843496,388.4737127,5569.474921,364.8269441,3226.220554,763.3295658,95.6411869,0,161.8818238,0,702.507941,8.694307943,121.6633834,5418.857789,326.0725674,0,0.019410168,0.072167541,1.034640854,0.067774561,0.599334178,0.141803872,0.017767324,0,0.030072372,0,0.130504795,0.001615705,0.022601773,1.006661842,0.060575357,1039,16,0,,33.584045,-85.10112
Cartersville City,767,90.53,23.98760788,21,4772,68.4,27.2,4.4,5,0.8,33.21347464,57.41,0,0,295.6612573,5922.931077,426.2338055,3794.847919,672.1491178,67.61466262,1.436714166,459.0800524,25.14668902,516.5462531,5.315106873,97.59074811,5307.805323,387.7464145,0,0,0.063541492,1.272927494,0.091603101,0.815569992,0.144455155,0.014530595,0.000308047,0.098663034,0.005404443,0.11101425,0.001142079,0.020974434,1.140727158,0.083331936,1049,16,9,,34.16608,-84.800613
Catoosa County,623,89.61,22.17649311,19.9,10977,62.1,30.8,7.1,7.2,2,24.59838677,49.36,0,0,207.5626938,6866.333976,301.2729899,3094.30455,859.5147927,166.8120115,0.892014212,443.7117163,0,760.7122256,5.3321044,157.8790152,7056.044092,519.0636822,0,0,0.019786827,0.654559534,0.028720051,0.29497677,0.081936777,0.015902341,8.47E-05,0.042298442,0,0.072517992,0.000508336,0.01505056,0.672644621,0.049481643,1056,10,7,13047,,
Charlton County,624,90.91,33.85678392,19.41111111,1712,58.8,33.1,8.1,8.5,1.833333333,26.710403,41.57,0,65.33002336,462.6613551,5819.980304,300.6356834,3210.851197,935.3405257,288.0271379,87.61682243,440.7004089,0,782.3306308,4.792283879,232.0209871,6375.813668,580.0196145,0,0.040882009,0.289526869,3.642038551,0.188130841,2.009293224,0.585321262,0.180239486,0.054830607,0.27578271,0,0.489567757,0.002996495,0.145192757,3.989871495,0.36296729,966,11,13,13049,,
Chattahoochee County,626,88.29,27.44444444,19.41111111,997,38.8,43.4,17.8,17.2,1.833333333,64.11251212,40.2,0,1225.27333,1067.593872,4942.27334,223.0857472,1657.668295,919.170682,112.074333,0,500.3787262,0,776.6009529,12.31149448,381.6106118,6876.646941,644.5444333,0,1.355386158,1.180962889,5.467121364,0.246780341,1.833701103,1.016780341,0.123971916,0,0.553520562,0,0.859067202,0.013620863,0.422136409,7.606910732,0.712988967,917,11,13,13053,,
Chattooga County,627,84.54,48.06651199,19.1,2772,48.8,38.1,13.1,11.9,2.3,36.32101489,44.57,0,0,215.9448485,6391.845718,535.1123088,2748.039899,789.9930844,187.1741414,0,322.3295635,0,684.9821609,8.888026696,205.4393831,7334.329726,578.7171934,0,0,0.082770563,2.449920635,0.20510101,1.053293651,0.302795815,0.071742424,0,0.123546176,0,0.262546898,0.003405483,0.078740981,2.811165224,0.221814574,965,11,0,13055,,
Cherokee County,628,90.31,10.85965329,22.3,44305,64,30.6,5.4,5.1,1.6,31.19745901,59.01,221.044502,2.976592484,138.5564557,6522.218063,456.6413258,4356.027437,623.9166304,115.0355849,230.1432021,389.8191062,7.362321183,599.2702083,3.741934996,84.22253538,5157.98007,525.0012116,0.005106873,6.88E-05,0.003200993,0.150684347,0.010549825,0.100638303,0.0144144,0.002657714,0.005317007,0.009005981,0.000170184,0.013845164,8.64E-05,0.00194583,0.119166008,0.012129331,1079,2,17,13057,,
Chickamauga City,769,99,8.339828527,21,1298,72,25.1,2.9,2.2,1.833333333,17.29559748,76.24,0,0,654.1665794,5610.958783,162.5209245,2205.677982,1085.419014,160.8220724,0,429.5267643,0,650.5645763,10.14640216,137.3409168,6964.520031,131.1100154,0,0,0.502434515,4.309491525,0.124822804,1.694067797,0.833651772,0.123520801,0,0.329899846,0,0.499668721,0.00779661,0.105485362,5.349090909,0.100701079,998.0346821,11,13,,34.871188,-85.29079
Clarke County,629,80.94,39.754264,18.5,13401,60.4,30.3,9.4,10.9,2.6,44.51295287,36.3,0,2.89991717,226.3585755,7725.842273,765.8398082,6745.496756,1235.61223,149.3084404,0,478.0423662,0,719.8840385,5.478070293,186.3486852,5512.245355,735.1094053,0,0.000229087,0.017858369,0.609533617,0.06042161,0.532189389,0.097484516,0.011779718,0,0.037715096,0,0.056795762,0.000432057,0.014701888,0.434891426,0.057997164,967,5,15,13059,,
Clay County,630,89.71179775,81.02564103,19.41111111,207,63.3,30.4,6.3,4.3,1.833333333,39.45205479,0,0,990.5716425,2230.398116,7338.741546,1469.586087,7512.775507,1771.718261,254.5851208,0,465.2896618,0,2445.011014,112.0086473,1057.892222,9350.937198,2097.179034,0,5.079855072,11.43792271,37.63458937,7.536328502,38.52705314,9.085748792,1.305555556,0,2.386086957,0,12.53850242,0.574396135,5.425072464,47.95352657,10.75478261,998.0346821,7,8,13061,,
Clayton County,631,76.57,43.7029829,17.4,61547,56.4,32.4,11.2,13.1,4.8,43.46072043,30.71,0,10.27315775,175.400871,4894.971984,567.3170478,2659.714568,700.3254927,106.4249414,0,265.744953,0,576.1638202,4.190058492,66.37214568,5579.383008,424.7666379,0,0.000187661,0.003205355,0.089454888,0.010367686,0.048605943,0.012798349,0.001944855,0,0.004856451,0,0.010529352,7.65E-05,0.001212894,0.101962403,0.007762523,958,14,12,13063,,
Clinch County,632,90.57,40.22435897,19.41111111,1312,55.6,35.6,8.8,8.2,1.833333333,34.42622951,46.39,0,0,558.9675076,5772.93971,491.853125,4786.827454,1114.771601,145.769314,0,668.8779268,0,600.2949695,12.47690549,201.4356555,6566.709604,468.9345503,0,0,0.446463415,4.61097561,0.39285061,3.823346037,0.890396341,0.116432927,0,0.534245427,0,0.479466463,0.00996189,0.160891768,5.244977134,0.374550305,946,13,6,13065,,
Cobb County,633,88.61,15.1347168,22.5,119052,64.7,29.1,6.2,6.7,2.4,31.12120405,53.45,0,64.0379346,174.8139936,6921.09558,337.1675037,4947.915484,674.1384708,148.9891114,2.545262574,310.6076017,0.119657713,646.6792301,3.958244969,97.64906772,4905.727094,468.7126155,0,0.000560847,0.001531012,0.060613009,0.002952827,0.043332409,0.005903891,0.001304808,2.23E-05,0.00272024,1.01E-06,0.005663408,3.47E-05,0.000855173,0.042962991,0.004104845,1076,1,1,13067,,
Coffee County,634,90.36,45.42845428,19.9,7961,61,32.4,6.6,7.7,1.3,35.43202293,42.99,0,41.7097136,200.5037621,5568.012821,360.1886949,2077.344732,748.8650295,186.0503479,4.956230373,503.8587564,0,530.3221467,6.085390026,132.1591283,6991.628941,541.4963635,0,0.005577189,0.026809446,0.744486874,0.048159779,0.277756563,0.100129381,0.024876272,0.000663233,0.067369677,0,0.070908177,0.000813968,0.017671147,0.93483482,0.072401708,983,10,16,13069,,
Colquitt County,635,87.15,45.32868077,18.6,9507,55.7,35.7,8.6,8.2,1.2,38.43242391,38.51,0,0,246.7835006,6111.541055,297.2064405,1963.749556,908.1285263,163.008316,34.49089303,622.0632471,0,612.0260482,7.641404228,195.212009,7540.002735,405.7425108,0,0,0.026850742,0.664947933,0.032336173,0.213660461,0.098806143,0.017735353,0.003753024,0.067681708,0,0.066589881,0.000830967,0.021239087,0.82036815,0.044145367,1025,10,7,13071,,
Columbia County,636,91.89,12.2951115,22.7,29525,56.4,36.7,6.9,5.9,1.1,34.84550025,48.51,0,25.46345876,93.73186486,6117.797094,372.9674835,3617.26566,715.4532213,152.7253524,0,183.8866544,0,561.332294,4.051968501,101.2613368,5242.747231,367.7638747,0,0.000912447,0.00335851,0.21919729,0.013363251,0.129604742,0.025634208,0.005471973,0,0.006588654,0,0.020112108,0.000145301,0.003628112,0.187844877,0.01317663,1072,6,2,13073,,
Commerce City,771,91.67,23.75690608,20.6,1818,67.7,29.5,2.8,3.5,1.833333333,44.96937883,63.64,2.993289329,0,352.9080583,6090.118069,232.7961331,2248.266964,783.32456,207.8156491,0,357.3611331,1.698019802,659.2183718,26.29344884,208.2078163,7083.916942,284.3843784,0.00180418,0,0.212981298,3.675390539,0.14049505,1.356831683,0.472739274,0.125418042,0,0.215665567,0.001023102,0.397838284,0.015869087,0.125654565,4.275148515,0.171628163,1018,11,13,,34.203997,-83.457106
Cook County,637,94.39,41.36072752,17.3,3162,65,30.5,4.6,5.2,1.833333333,35.40219583,42.57,0,0,543.9784915,5612.075481,172.2130582,2270.674997,913.8601834,127.8620588,0,441.581556,0,639.0008444,4.630970904,224.8998166,6828.28969,514.6410784,0,0,0.180904491,1.866337761,0.057270715,0.755129665,0.303912081,0.042520557,0,0.146850095,0,0.212504744,0.001540164,0.074791271,2.270796964,0.171148008,967,0,0,13075,,
Coweta County,638,91.62,19.8856474,21.3,23601,59.3,33,7.7,7.1,1.4,28.20933885,50.87,0,0,92.08286895,6270.857731,229.116037,4352.1687,764.9020834,136.4409233,2.491347824,393.799914,0,750.7774954,4.727886954,92.49835219,5003.759968,478.6864976,0,0,0.004101097,0.279275878,0.010203805,0.193826109,0.034065082,0.006076437,0.000111012,0.01753824,0,0.033436295,0.000210584,0.004119317,0.222844795,0.021318588,1073,12,5,13077,,
Crawford County,639,78.26,37.19925972,17.9,1737,44.2,45.1,10.7,10,2.7,40.25403029,44.33,0,29.47126655,567.4387392,5744.96772,88.37404721,2803.421042,731.9419459,149.4927288,3.466177317,397.6161831,2.590673575,731.0702303,9.01263673,107.7561025,7032.185953,557.3256534,0,0.018002303,0.346632124,3.509447323,0.05398388,1.712533103,0.447121474,0.091318365,0.002118595,0.242895797,0.001583189,0.446591825,0.005503742,0.065826137,4.295774324,0.340454807,995,11,13,13079,,
Crisp County,640,90.82,52.2428884,18.9,3840,43.8,39.7,16.5,14.1,2.1,39.63464696,37.22,0,0,318.7487214,5841.13212,358.2799271,3012.896341,973.3185911,234.7799401,0.2734375,426.4746953,0,696.4505547,9.382182292,175.7540443,6717.805729,529.0467188,0,0,0.0865,1.585109375,0.097226563,0.817611979,0.264130208,0.063713542,7.29E-05,0.115731771,0,0.188994792,0.002546875,0.047695313,1.823013021,0.143567708,994,0,0,13081,,
Dade County,641,87.12,20.00971345,19.9,2179,48.5,41.9,9.6,9.1,1.833333333,32.37606838,51.02,0,0,436.3212024,6213.417834,222.2221937,3252.144043,759.5186966,191.3527994,0,250.0025838,0,722.7151905,6.750403855,196.1371868,5802.171179,387.0201285,0,0,0.210174392,2.992973841,0.107044516,1.566544286,0.365855897,0.09217531,0,0.120426801,0,0.348127581,0.003253786,0.094479119,2.794878385,0.186424966,959,13,13,13083,,
Dalton Public Schools,772,80,23.97863818,19.8,7927,62.7,31.4,6,6.6,2.9,37.25709372,41.94,0,48.57154535,186.462634,7074.562213,600.0454018,4100.608383,839.6194739,190.8536407,2.099423489,374.4047193,0,683.6742803,0,63.77986754,6287.391573,383.0342765,0,0.006096884,0.023407342,0.888095118,0.075326101,0.514763467,0.10540053,0.023958622,0.000263656,0.047000126,0,0.085824398,0,0.008006812,0.789278416,0.048083764,970,10,16,,34.775517,-84.986244
Dawson County,642,95.91,19.74540311,21.3,3764,54,39.2,6.8,6.8,1,35.86979059,54.75,0,4.401317747,281.654296,7192.852272,947.4653135,6649.254697,1123.322978,261.9660096,0,476.9168783,0,785.33733,11.6580898,279.1898778,5105.453507,639.7292295,0,0.001230074,0.078695537,2.009736982,0.264729012,1.857853348,0.313865569,0.073196068,0,0.133254516,0,0.219428799,0.003257173,0.078007439,1.426503719,0.178746015,1064,17,9,13085,,
Decatur City,773,94.88,7.638279192,24.9,5823,73.3,23.3,3.3,2.8,1.833333333,46.4360458,77.3,61.99032286,0,341.0204414,8186.214475,696.7652378,7264.098812,1135.715559,260.483299,254.2597338,711.7298884,0,1051.88779,162.4789129,94.34495964,5425.554697,446.0780199,0.01077108,0,0.059256397,1.422452344,0.121071613,1.26222394,0.197343294,0.045261892,0.044179976,0.123671647,0,0.182778636,0.02823287,0.016393612,0.942754594,0.077511592,1147,17,9,13087,,
Decatur County,643,88.83,49.20350011,19.1,4870,49.8,37.1,13.1,12.3,0.9,32.04201102,39.71,0,12.44744353,143.4995133,5624.353487,246.3589035,3414.143341,993.6839487,212.77154,0,440.079731,0,623.2980698,9.387268994,153.8096427,6156.179877,465.7960246,0,0.002743326,0.031622177,1.239390144,0.054287474,0.752344969,0.218969199,0.046887064,0,0.096977413,0,0.137351129,0.002067762,0.033893224,1.356585216,0.10264271,1018,16,0,,33.77483,-84.29631
DeKalb County,644,75.97,37.52415169,20,107328,59.4,30.6,10,11.9,5.7,40.07427928,42.31,0,0,244.8365544,7119.68299,347.1145274,5690.072889,1075.099176,132.3959117,0.206001137,695.5333804,1.30849359,692.777826,3.11196752,98.60317606,4986.247755,547.9562843,0,0,0.002447917,0.071184686,0.003470576,0.056891026,0.010749199,0.001323699,2.05E-06,0.006954196,1.30E-05,0.006926617,3.11E-05,0.000985856,0.049853999,0.005478626,966,8,10,13089,,
Dodge County,645,90.87,43.78598036,18.6,3167,54.1,38.5,7.4,7.9,2,27.22288439,44.61,0,0,255.3162078,5930.905039,246.2440638,2034.093382,704.0221913,163.5120019,0,451.2169087,0,470.3584654,8.673223871,128.2571961,7287.880644,536.9827692,0,0,0.085446795,1.984906852,0.082412378,0.680754657,0.235617303,0.054723713,0,0.15101042,0,0.157417114,0.0029018,0.042923903,2.439049574,0.179712662,979,0,0,13091,,
Dooly County,646,87.64,60.47326906,15.9,1248,46.3,40.5,13.2,12.9,1.833333333,49.29859719,28,0,0,668.5848878,5255.953165,430.5694551,4259.831659,944.5578285,204.991867,0,273.8540144,0,763.1057772,12.3985016,435.4020032,5005.407853,509.2520753,0,0,0.583918269,4.590352564,0.376041667,3.720376603,0.82494391,0.179030449,0,0.239174679,0,0.666466346,0.010825321,0.380264423,4.371538462,0.444759615,795,13,6,13093,,
Dougherty County,647,83.3,62.54071661,16.9,14749,66,25.3,8.7,9.7,2.7,43.54910009,29.6,0,0,344.7314842,5379.397087,882.4625758,3022.263059,981.1123913,171.0379131,1.694594888,307.0178527,0,706.5597424,6.035560377,65.5805736,6350.866703,371.6408068,0,0,0.025297986,0.394760323,0.064758289,0.221785206,0.071997424,0.012551359,0.000124076,0.022530341,0,0.051850295,0.000442742,0.00481253,0.46605058,0.027272357,912,5,15,13095,,
Douglas County,648,89.37,27.84254353,19.1,29001,59,33.1,7.9,8.7,2,41.96481991,42.82,0,41.76661736,140.8532561,6131.774859,481.4748047,3281.79965,552.1827075,179.3978015,1.290441709,314.5654333,0,699.0259288,3.381968553,90.26904521,5752.593221,415.2253457,0,0.001552015,0.005233957,0.227845247,0.017890762,0.12194545,0.020517913,0.006665977,4.79E-05,0.011688562,0,0.025974622,0.000125513,0.003354367,0.213755733,0.015429123,995,6,2,13097,,
Dublin City,774,93.88,66.12073,16.7,2404,53.4,37.9,8.7,11.1,1.833333333,58.29903978,26.24,0,0,493.4183319,4829.57317,384.8525957,4449.427866,1000.748644,114.937787,0,406.9724251,0,713.0225874,5.063094842,160.2808985,4598.115641,580.7222629,0,0,0.229604825,2.247358569,0.179084859,2.07046589,0.465682196,0.053485857,0,0.18937604,0,0.331792845,0.002354409,0.074584027,2.139654742,0.270228785,937,13,6,,32.540445,-82.903754
Early County,649,89.08,61.29032258,16.6,1922,53.5,35.9,10.6,9.2,2.2,25.43664655,48.75,0,0,320.1041831,7364.877752,220.7499844,4172.157274,1196.401394,210.6811811,0.17169615,334.5420916,0,680.0430801,9.724609781,220.010078,6554.973985,500.0381894,0,0,0.172653486,3.972424558,0.119068678,2.250353798,0.645306972,0.113636837,9.37E-05,0.180442248,0,0.366800208,0.005244537,0.118668054,3.535582726,0.269708637,972,13,6,13099,,
Echols County,650,93.18,48.2208589,17.2,855,68.1,28.7,3.3,3.4,1.833333333,22.22222222,34.88,0,0,734.0749942,6005.762784,86.89203509,2393.478117,838.6033801,167.8039415,0,237.0717778,0,606.4807485,12.25388304,280.4465263,7907.065497,790.093883,0,0,0.863614035,7.065602339,0.102222222,2.815859649,0.986596491,0.197415205,0,0.278912281,0,0.713508772,0.014421053,0.32994152,9.302432749,0.929520468,955,11,13,13101,,
Effingham County,651,90.77,16.65991411,21.4,13136,58.4,36,5.6,6.1,1,33.77651351,46.83,0,11.40646392,302.6428144,5833.363828,450.5467532,2939.936693,663.6239449,159.7280405,0,592.488447,24.85443514,619.601253,4.60143042,143.9826028,6525.616245,453.9248972,0,0.000921133,0.024434379,0.470964525,0.036375609,0.237359927,0.053578715,0.012895859,0,0.047834957,0.002006699,0.050024361,0.000371498,0.011624543,0.526854446,0.036648143,1049,5,15,13103,,
Elbert County,652,87.01,38.68739206,17.5,3035,57.4,34.7,7.9,6.4,1.833333333,38.81005726,44.08,0,133.7170643,357.4897825,6290.918204,476.6624646,3236.001081,682.1432949,182.5010643,0,502.3967479,5.826029654,864.4437661,7.126846787,146.6553839,7082.140362,591.6986161,0,0.045591433,0.121884679,2.144876442,0.162517298,1.103308072,0.232576606,0.062224053,0,0.171291598,0.00198682,0.294731466,0.002428336,0.050003295,2.414639209,0.201739703,968,0,0,13105,,
Emanuel County,653,84.19,49.43991853,19.2,4136,56.2,35.3,8.4,8.5,1.4,31.13428006,47.21,0,0,348.8134599,6135.106927,259.2585397,2041.783581,681.1999275,171.2635155,0,522.9293351,3.180851064,676.3795116,27.6146059,379.8926185,7121.030464,476.3352394,0,0,0.088375242,1.554371373,0.065684236,0.517299323,0.172587041,0.043389749,0,0.132487911,0.000805126,0.171366054,0.006997099,0.096247582,1.804163443,0.120681818,968,0,0,13107,,
Evans County,654,82.31,55.09641873,19.41111111,1943,53.6,34.3,12,13.1,1.833333333,58.64144454,44.04,0,0,480.9516006,5231.57966,386.5330365,2177.145419,974.7789604,208.2388935,0,454.3947195,0,774.8869068,29.02627895,194.1188317,6821.601132,482.6917138,0,0,0.257467833,2.800633042,0.206922285,1.165496655,0.521832218,0.111477097,0,0.243252702,0,0.41482244,0.015537828,0.103916624,3.651821925,0.258399382,950,11,13,13109,,
Fannin County,655,95.18,25.48535122,21.6,3049,58.1,33.8,8.1,9.1,1.4,30.5791313,53.46,0,19.84816989,491.3944506,7363.273755,496.6161233,6969.010712,863.803283,241.2698295,0.017579534,367.9107937,0,809.1513611,4.991236471,194.491207,4959.443424,679.9320859,0,0.006966218,0.172479501,2.584512955,0.174312889,2.446126599,0.30319449,0.084686783,6.56E-06,0.129137422,0,0.284011151,0.001751394,0.068265005,1.740767465,0.238655297,1043,17,9,13111,,
Fayette County,656,91.3,9.825414145,22.9,21132,65.5,29.5,4.9,4.7,0.8,30.19268864,62.57,0,0,138.7153502,7167.830404,630.1717571,5388.604235,724.5754249,168.1217935,0,593.2794028,0,684.188577,4.829464793,46.80654694,5282.413165,372.024054,0,0,0.006757051,0.349156256,0.030696574,0.262487223,0.035295287,0.008189476,0,0.028899773,0,0.033328128,0.000235188,0.002279955,0.257314499,0.018121806,1101,12,5,13113,,
Floyd County,657,94.63,28.5118525,19.8,9704,68.6,26.3,5.1,6.1,0.8,26.99768642,50.25,0,0,382.4489685,6582.460932,385.9635738,4012.770579,1103.849199,158.3400052,12.96196723,340.0184481,0,794.4248032,11.91102226,177.2289293,6763.957131,540.0460336,0,0,0.041498351,0.71424258,0.041879637,0.435413232,0.11977535,0.017180544,0.001406636,0.036894064,0,0.086200536,0.001292251,0.019230214,0.733936521,0.058598516,1064,10,7,13115,,
Forsyth County,658,96.14,5.040572411,24.6,51917,63.7,31.4,4.8,4.1,0.4,36.80385334,67.05,45.67771635,6.4701304,81.04538629,6764.203051,404.686626,4609.690375,691.3885367,70.99920874,1.601390681,200.0898033,14.39608413,557.5643521,16.38105052,81.73979544,4839.797253,399.166203,0.000899513,0.000127319,0.001595816,0.133195485,0.007968873,0.090770461,0.01361423,0.001398001,3.16E-05,0.003939943,0.000283529,0.010979063,0.00032263,0.001609492,0.095301539,0.007860046,1130,2,4,13117,,
Franklin County,659,91.64,31.41097424,18.6,3826,56.5,34.8,8.7,9.5,2,35.19465199,55.65,0,33.63622844,318.8177784,6841.930243,463.3007919,3336.152376,691.6466466,161.4255463,0,363.8745086,0,641.5823393,6.580373758,272.1006587,7020.688186,756.6774778,0,0.009375327,0.088857815,1.906892316,0.129124412,0.9298092,0.192767904,0.044989545,0,0.101414009,0,0.178813382,0.001834814,0.075836383,1.956714584,0.21089127,986,0,0,13119,,
Fulton County,660,85.46,21.93883112,23.5,99581,62.1,30.6,7.3,8.9,2.1,40.53712,53.63,0,7.059515872,187.2467545,6828.023008,813.6299781,6768.430554,874.176761,154.3128363,7.905597152,667.3867639,1.233079704,605.3874659,0.111790904,93.88209658,4023.26485,539.1817698,0,7.54E-05,0.002001185,0.072974664,0.008695735,0.072337795,0.009342746,0.00164921,8.45E-05,0.007132686,1.32E-05,0.00647011,1.21E-06,0.001003404,0.042998765,0.005762545,1033,8,10,13121,,
Gainesville City,776,86.09,31.16966581,19.8,8375,57.9,31.9,10.2,10.2,2.4,39.32562049,42.8,0,19.63101851,320.7576943,5644.908116,456.5445194,3923.386537,807.6377743,131.0018412,103.559083,311.463711,0,701.1815594,9.553084179,96.93694687,5278.593791,503.2365767,0,0.002287761,0.037375522,0.657761194,0.053197612,0.457164179,0.094108657,0.015264478,0.012066866,0.036292537,0,0.081703881,0.001112836,0.011295522,0.615077015,0.058638806,984,10,16,,34.298409,-83.832855
Gilmer County,661,90.31,30.08674102,19.7,4289,52.7,36.7,10.6,11.4,1.1,41.57679435,52.47,0,9.375218,293.4803264,6403.203586,302.4214969,4561.208324,832.705211,154.7282024,34.01190954,398.6180228,0,652.8807904,8.630424341,135.3211914,5172.793658,633.4114922,0,0.002242947,0.070209839,1.531867568,0.072350198,1.091198415,0.199211938,0.037015621,0.008137095,0.095362555,0,0.156192586,0.00206575,0.032373514,1.237509909,0.151534157,1003,16,9,13123,,
Glascock County,662,92.11,27.96934866,19.41111111,548,48,41.4,10.6,9.1,1.833333333,45.35452323,40,0,0,913.6364964,6434.551934,328.9594526,3087.525036,1033.131277,222.9061861,0,454.4740511,0,708.6313869,6.374160584,432.0411679,7604.824818,779.0910766,0,0,1.736952555,12.2329927,0.62540146,5.869817518,1.964124088,0.423777372,0,0.864014599,0,1.347208029,0.012116788,0.821368613,14.45784672,1.481167883,1025,11,13,13125,,
Glynn County,663,93.51,35.16285625,20.8,13842,56.3,35.8,7.9,8.9,1.1,35.90265988,52.62,22.39132568,47.57127799,165.699162,6599.78206,434.281382,5777.987935,952.3026737,156.5686584,0,272.6979244,26.64458821,576.2256271,5.713263979,107.6989669,4258.535544,421.9757188,0.001719405,0.003653374,0.012724317,0.506817656,0.033349949,0.443709724,0.073130328,0.012023552,0,0.020941338,0.002045947,0.044250108,0.00043852,0.008270481,0.327026441,0.032404999,1053,5,15,13127,,
Gordon County,664,93.5,26.09184329,19.4,6649,54.8,34.8,10.4,10.7,1.1,33.61572348,60.91,0,0.765075951,213.7003519,6091.102122,413.4907069,3026.951336,927.4660054,147.3185817,5.348774252,275.6721477,0,735.4399218,4.445480523,139.4542803,6504.528651,498.6908813,0,0.000120319,0.033722364,0.961197173,0.065250414,0.477662806,0.146357347,0.023247105,0.000843736,0.043501278,0,0.116055046,0.000700857,0.022006317,1.026437058,0.078694541,1011,16,16,13129,,
Grady County,665,89.78,41.0850968,18,4688,61.8,30.9,7.3,6.5,1.3,36.71713147,43.43,87.62665956,0,176.4839526,5657.336977,407.6846715,1996.012152,804.3811007,172.5500661,0.023523891,330.3970798,0,623.4487052,6.344319539,135.1333148,6708.287116,360.2751451,0.01912756,0,0.038526024,1.234957338,0.088995307,0.43571459,0.17559087,0.037666382,4.27E-06,0.07212244,0,0.136094283,0.001384386,0.02949872,1.464370734,0.078645478,923,0,0,13131,,
Greene County,666,89.38,34.39412485,17.5,2544,63.8,30,6.1,5.1,1.833333333,57.72399588,61.7,0,5.964646226,565.8627241,5546.897476,376.8257193,10496.94856,783.7527358,177.8405582,9.275483491,392.3499017,0,539.2988758,8.242330975,222.0519104,4257.356525,608.2845401,0,0.002389937,0.226890723,2.224095912,0.151092767,4.208879717,0.314257075,0.071308962,0.003718553,0.157319182,0,0.216238208,0.003305818,0.089033019,1.707040094,0.243899371,988,17,14,13133,,
Griffin-Spalding County,726,90.24,44.27040396,18,10842,55.1,35.2,9.7,12.2,1.9,47.89016444,39.62,0,54.52286755,213.4474534,5570.974805,685.2644189,2747.069504,856.8396901,162.4670374,0,222.6496015,0,810.4780585,6.164502859,152.5367202,6370.44097,447.6578316,0,0.005574617,0.021825309,0.56962922,0.070068253,0.280886368,0.087611142,0.016612249,0,0.022766095,0,0.082871241,0.000629958,0.015596753,0.651374285,0.04577292,959,10,7,13255,,
Gwinnett County,667,83.23,16.5754051,22.5,195131,68.5,25.7,5.7,6.4,3,37.63405144,51.96,0,5.422751895,179.6402331,5850.168118,515.816408,3890.204897,666.3498511,123.1497719,0,290.0487439,0.265836746,765.3503026,2.56275333,94.18910019,5601.048429,583.5195843,0,2.90E-05,0.000960175,0.03126843,0.002756968,0.020792647,0.003561556,0.000658224,0,0.001550292,1.43E-06,0.004090688,1.37E-05,0.000503405,0.029936914,0.003118828,1077,3,3,13135,,
Habersham County,668,95.13,25.21790516,25.8,7225,64.3,30.5,5.2,6,1.833333333,33.57970435,48.38,0.104152249,4.056182699,153.6585619,7076.06404,283.9692941,3427.506949,1049.898735,231.5792055,0,322.824746,0,703.6456097,5.946888581,197.9000111,6853.145351,573.746126,1.52E-05,0.000577163,0.021885121,1.007842215,0.040445675,0.488179931,0.149536332,0.032984083,0,0.045979239,0,0.100220069,0.000847059,0.028186851,0.976092734,0.081719031,1060,10,16,13137,,
Hall County,669,88.89,18.77245509,21.1,28619,52.6,37.9,9.5,9.3,1.8,34.42979909,46.24,0,28.90796674,189.6371449,6333.754642,470.1909368,3752.036507,648.7378458,178.7721758,5.470341032,426.3982934,0,618.3213973,5.22804186,110.4469003,5768.458192,483.5667039,0,0.001029735,0.006754254,0.225585101,0.016746567,0.133633949,0.023105629,0.006367099,0.000194975,0.015186764,0,0.022022433,0.00018624,0.00393375,0.205451274,0.017222824,1039,6,2,13139,,
Hancock County,670,86.89,62.9076087,15.6,800,45.1,38.9,16,14.8,1.833333333,30.71979434,55.56,0,-9.42625,1022.299475,6310.300338,1078.244763,8593.548513,2367.802863,243.4142375,0,329.928225,0,829.2662875,17.7694625,208.245,5787.165,906.8069375,0,-0.012675,1.3740625,8.4815875,1.44925,11.5504625,3.182525,0.327175,0,0.44345,0,1.1146,0.0238875,0.2799,7.77845,1.218825,883,17,6,13141,,
Haralson County,671,97.64,37.3252859,20.3,3411,63.4,32.3,4.4,8.4,1.833333333,30.80985915,46.95,0,0,378.8042158,6951.83586,368.6382087,3144.350557,851.4178305,208.8756523,0,322.7377045,0,723.1913867,5.948654354,174.7042334,8908.895632,544.8801671,0,0,0.119797713,2.198557608,0.116584579,0.994418059,0.269264145,0.066056875,0,0.102066843,0,0.228712987,0.001882146,0.05525066,2.81748754,0.1723219,991,0,0,13143,,
Harris County,672,89.24,14.57819905,20.7,5552,65.9,29.2,4.9,6.7,2,26.5576324,57.44,0,4.103951729,317.2888311,6185.073667,331.5661023,4851.677224,691.5572839,171.4946704,1.327633285,488.2918228,5.763688761,735.6880836,7.757112752,107.5889625,5172.85969,798.3321488,0,0.000769092,0.059429035,1.158470821,0.062101945,0.908724784,0.129529899,0.032121758,0.000248559,0.091457133,0.00107889,0.137795389,0.00145353,0.020151297,0.968881484,0.149528098,1053,16,9,13145,,
Hart County,673,95.22,34.04379562,18.8,3595,56.1,36.7,7.2,7.5,1.833333333,37.11762171,51.61,0,0,204.5131043,6235.157855,374.3015438,4117.449024,951.7964478,144.6360501,21.418637,360.9744645,0,657.8914771,6.521109875,125.1019694,5318.799166,560.0035744,0,0,0.058937413,1.796876217,0.107869263,1.186584145,0.274292072,0.041682893,0.006172462,0.104027816,0,0.18959388,0.001880389,0.036052851,1.532795549,0.161385257,977,16,9,13147,,
Heard County,674,88.16,33.85155466,18.5,2115,62.8,30.9,6.2,6.6,1.833333333,30.4964539,49.28,0,0,498.6095697,5996.326118,272.136052,3974.026345,1065.5406,237.5820567,0,343.987773,0,827.1391158,6.505513002,164.2414043,6109.177305,471.8446336,0,0,0.249054374,2.995167849,0.135933806,1.985026005,0.532236407,0.118671395,0,0.171820331,0,0.413158392,0.003248227,0.082037825,3.051536643,0.235687943,994,13,6,13149,,
Henry County,675,88.8,23.99615123,19.3,47246,60,33,7,8.7,2.2,40.53545791,36.15,0,45.8371659,106.039401,5767.852506,345.7126741,3478.351359,781.7782782,131.4120527,0,338.2254153,0,627.1134799,2.326607755,115.0938024,5218.873619,394.0527439,0,0.001061466,0.002455658,0.133570673,0.008005969,0.080550946,0.018104178,0.003043221,0,0.007832621,0,0.014522499,5.40E-05,0.002665411,0.120857639,0.009125429,999,2,4,13151,,
Houston County,676,89.61,26.1139932,20.5,31897,62.6,31.4,6,6.7,1.1,31.26729386,48.73,0,52.71381196,129.7041389,6055.26373,358.5118441,2825.071844,757.0532567,132.0276791,0,459.465023,0,681.7673302,0,133.9986917,6413.266012,416.393795,0,0.001786061,0.004394457,0.205158792,0.01214691,0.095716525,0.025649748,0.004473148,0,0.015567295,0,0.023099038,0,0.004539925,0.21728846,0.01410791,1045,6,2,13153,,
Irwin County,677,93.65,40.72004966,17.6,1691,68.4,24.7,6.9,7,1.833333333,21.59284497,41.38,113.1805263,0,551.829113,6854.440071,420.5616381,2421.505671,914.636304,134.6966824,3.548196334,376.498285,0,575.7182259,11.80231815,287.0725843,7956.142519,472.4732525,0.069603785,0,0.339379066,4.215523359,0.258645772,1.489243051,0.562507392,0.082838557,0.002182141,0.231549379,0,0.354068598,0.007256062,0.176552336,4.893075103,0.290573625,938,11,13,13155,,
Jackson County,678,93.5,19.52440551,20.6,8478,60.3,33.4,6.3,6.5,0.8,48.70080964,46.02,0,0,280.4594279,6431.289988,605.7935563,4785.723422,808.2995942,139.5662291,24.83726469,269.0853515,0,564.2730054,3.354399623,158.1582142,5465.411536,719.8295211,0,0,0.034386648,0.788535032,0.074275773,0.586772824,0.099104742,0.017112527,0.00304553,0.032992451,0,0.069184949,0.000411654,0.019391366,0.670109696,0.088257844,1038,10,16,13157,,
Jasper County,679,94.58,34.38596491,18.2,2442,62.3,33,4.8,4.6,1.833333333,47.7739726,30.26,0,12.44405405,297.5132596,5976.303137,273.6421048,3916.522068,813.4948157,118.7967322,0,467.3012203,0,654.4903808,21.69830876,176.6619328,6320.076167,815.6241237,0,0.005397215,0.129017199,2.591633907,0.118665029,1.698407043,0.352772318,0.051515152,0,0.202645373,0,0.283820639,0.009410319,0.076609337,2.740708436,0.353697789,958,13,13,13159,,
Jeff Davis County,680,93.03,41.55393687,17.8,3053,59.9,32.6,7.5,14.6,1.833333333,31.16675546,59.89,0,0,366.316528,5605.101998,347.1257157,1933.883249,689.732604,149.1114052,0,439.8394333,0,507.2660793,8.596672126,189.2131346,7053.420242,617.5040288,0,0,0.123838847,1.894896823,0.117350147,0.653779889,0.233173927,0.050409433,0,0.148696364,0,0.171490337,0.002905339,0.06396659,2.38452342,0.208758598,995,0,0,13161,,
Jefferson City,779,99.31,8.90960891,22.7,4012,63.3,31.8,5,4.1,1.833333333,32.91113792,59.03,0,0,250.7066924,5917.018724,275.0176595,2855.00681,503.8566201,138.8720115,0,293.8575673,0,540.0775972,7.257559821,90.12600199,5269.843968,231.6913285,0,0,0.064020439,1.510984546,0.070229312,0.729062812,0.1286665,0.035463609,0,0.07503988,0,0.137916251,0.001854437,0.023015952,1.345720339,0.059165005,1110,16,0,13163,,
Jefferson County,681,90.4,51.20106762,19.41111111,2374,55.1,35,10,8.9,1.833333333,48.91428571,37.78,0,24.2890059,298.6562805,6716.797296,293.8115838,3554.272772,1043.48639,232.2855055,0,338.0074179,25.27379949,731.3786226,0,230.106011,7116.542965,638.5949663,0,0.010800337,0.132796967,2.986571188,0.13064027,1.580379107,0.463976411,0.103285594,0,0.150290649,0.011238416,0.32520219,0,0.102316765,3.164313395,0.283946925,890,11,13,,34.1227,-83.5875
Jenkins County,682,79.45,52.58701787,17.9,1121,57.9,34.1,8,6.8,1.833333333,19.213732,48.28,0,0,488.0196967,6752.738822,691.9788849,3604.023202,846.1603479,105.7778858,302.4503836,269.9996343,0,904.1008742,11.89122212,260.4098037,7525.704728,790.5055397,0,0,0.455245317,6.299197145,0.645504014,3.361962533,0.789330955,0.09867083,0.282140946,0.251864407,0,0.84338091,0.011088314,0.242917038,7.020249777,0.737413024,953,11,13,13165,,
Johnson County,683,90.32,49.95215311,17.2,1125,56.7,34.8,8.5,8.2,1.833333333,36.64812239,41.18,0,0,466.9113689,5884.860809,447.0649422,2356.365556,900.8888089,218.9893867,0,154.9344444,23.59441778,850.9781956,9.950542222,365.6434844,7599.848889,673.3115111,0,0,0.445528889,5.615324444,0.426586667,2.248444444,0.859626667,0.20896,0,0.14784,0.022515556,0.812,0.009493333,0.348897778,7.25176,0.642471111,932,11,13,13167,,
Jones County,684,88.28,25.54293684,18.9,5278,61.5,30.8,7.8,7.5,2.2,27.65892884,45.48,0,20.08424593,192.0153391,6338.60608,361.1361444,2675.843715,860.3561993,142.8024612,6.032487685,301.0191114,0,644.6832569,7.697008336,243.5506423,7298.763736,539.6220576,0,0.003965517,0.037910193,1.251453202,0.071299735,0.528300493,0.169863585,0.028194392,0.001191739,0.059431603,0,0.127281167,0.001519515,0.048084502,1.441019326,0.106538462,1031,0,0,13169,,
Lamar County,685,88.52,36.31723596,18.4,2739,60.6,33.6,5.8,6.2,1.7,36.61971831,47.56,0,0,383.1769222,5878.854012,339.3096495,3309.573279,897.7668091,151.7907229,0,244.9036729,0,570.9262614,4.105115005,236.9314312,5531.526104,451.4616247,0,0,0.148864549,2.283935743,0.131821833,1.28577218,0.348784228,0.058970427,0,0.095144213,0,0.221803578,0.001595473,0.092048193,2.148999635,0.175392479,976,13,0,13171,,
Lanier County,686,92.08,40.60568603,19.41111111,1758,62.9,32.3,4.8,4.4,1.833333333,38.04202056,29.59,0,4.77940273,458.862008,5658.805552,345.5726678,1972.071502,954.5074915,165.2695279,0,626.9868714,0,688.6869056,9.288213879,232.5713936,7987.676906,446.393942,0,0.002935154,0.281683732,3.473788396,0.212138794,1.210602958,0.585944255,0.1014562,0,0.384891923,0,0.422764505,0.005699659,0.142770193,4.903424346,0.274027304,1015,11,13,13173,,
Laurens County,687,90.16,37.29436192,20,6579,65.1,29.3,5.6,6.2,1.1,30.49792531,46.25,12.26436845,0,395.0253048,6097.261081,159.9637133,2218.314811,678.6243335,162.4990287,0,476.594981,14.59188326,641.6576851,7.187116583,163.1204499,7193.645843,572.389354,0.001948624,0,0.062752698,0.968587931,0.025411157,0.352392461,0.107803618,0.025813953,0,0.075710594,0.002317981,0.101931905,0.001141511,0.025912753,1.142755738,0.090927193,982,0,16,13175,,
Lee County,688,91.73,29.24022699,19.7,6622,66.8,28.7,4.5,4.5,1.1,34.40805403,41.87,0,0,144.6225853,5672.337187,249.5991543,2966.05003,857.7457596,182.4972878,1.909903352,369.4357838,0,521.5029855,8.52269707,126.9291815,5827.936122,502.5701933,0,0,0.022475083,0.881481426,0.038787375,0.460924192,0.133293567,0.028360012,0.000297493,0.057410148,0,0.081041981,0.001324373,0.019725159,0.905661432,0.078098762,1035,16,16,13177,,
Liberty County,689,93.7,34.52579035,18.3,10828,59.8,32.5,7.7,9.2,1.6,42.15621923,31.6,0,859.8060039,236.6293175,6022.570674,484.9704793,2181.540166,797.3040007,192.2651838,0,401.1964629,0,657.193587,4.710289065,112.0080209,6249.421315,662.7191993,0,0.089117104,0.024526228,0.624229775,0.050265977,0.226112856,0.082639453,0.019927965,0,0.041582933,0,0.068116919,0.000488548,0.011609716,0.647742889,0.068689509,971,10,7,13179,,
Lincoln County,690,94.38,37.28489484,18.5,1093,57,36.1,6.9,6.7,1.833333333,35.45006165,42.53,0,260.1069442,495.9024886,7167.640897,237.4992406,4480.86946,1196.946752,241.3771912,6.500457457,375.7317292,0,863.6209424,11.59561757,353.4479414,6595.623971,974.0280238,0,0.249387008,0.475462031,6.872140897,0.227703568,4.296139067,1.147602928,0.231427264,0.006230558,0.360237877,0,0.828014639,0.011116194,0.338874657,6.323705398,0.933870082,1005,13,6,13181,,
Long County,691,88.43,31.53887983,18.1,4101,58.2,34.7,7,7.9,1.3,57.58589915,49.54,0,79.35250427,248.983921,4862.564765,467.9719654,1435.790656,551.0766228,112.9543526,0.00243843,325.3298415,0,457.3868617,7.433840527,136.7139088,6596.454523,577.5589393,0,0.021189954,0.066483784,1.298415021,0.124959766,0.383389417,0.147149476,0.030160936,0,0.086871495,0,0.122133626,0.001984882,0.03650573,1.761402097,0.154220922,960,0,0,13183,,
Lowndes County,692,94.1,26.34844869,21.3,11284,66.6,30,3.4,4,1.3,32.04065451,53.9,0,82.40718894,230.5074708,5599.047383,256.4622554,2807.577169,678.8670285,133.5658295,0,293.7437983,6.662246544,470.5661982,4.515865828,101.9832099,5919.828607,432.2772979,0,0.007757001,0.021697093,0.527018788,0.02413949,0.264267104,0.063899326,0.012571783,0,0.027648883,0.000627437,0.044292804,0.000425381,0.009599433,0.557212868,0.040688586,1051,10,7,13185,,
Lumpkin County,693,96.73,23.54324536,20.2,4071,52.5,38.4,9.1,9.9,1.833333333,35.6695617,46.09,5.817433063,0,198.4987865,6107.979668,514.9355711,4158.372596,860.8034095,159.3005527,0.628445099,530.4080005,0,683.4970179,35.49686809,57.86706706,5508.008597,575.2742643,0.001505773,0,0.051370671,1.580739376,0.133264554,1.076182756,0.222775731,0.041225743,0.000162122,0.137268484,0,0.176887743,0.009186932,0.014976664,1.425467944,0.148879882,1047,16,9,13187,,
Macon County,694,77.36,58.52119026,16.5,1202,52.9,34.6,12.5,12.6,3.3,58.54322668,19.54,0,0,995.4810732,5256.462097,557.2835691,5710.260732,1472.884309,198.7810067,0,502.6186855,0,852.3631115,10.99677205,122.3402329,4968.251248,589.3169717,0,0,0.885657238,4.67656406,0.495806988,5.080299501,1.310399334,0.176855241,0,0.447171381,0,0.758327787,0.009783694,0.108843594,4.42014975,0.524301165,998.0346821,13,6,13193,,
Madison County,695,95.1,29.49699855,20.3,5142,52.6,38.2,9.2,8.7,1,28.31205674,35.35,0,0,351.8908965,6799.660852,354.1851634,2988.41134,738.0129055,181.9700078,110.7740393,664.1890335,-4.27849086,725.3747122,7.789124854,241.7541501,7805.105795,511.684331,0,0,0.071814469,1.387685725,0.072283158,0.609879424,0.150614547,0.037137301,0.02260599,0.135548425,-0.000873201,0.148035784,0.001588876,0.049336834,1.592878257,0.104426293,1021,0,0,13195,,
Marietta City,781,83.68,24.44418978,21.8,9610,65,28.5,6.5,8.3,2.2,37.12091219,40.07,0,20.75881686,319.2981353,7161.353568,743.5467305,6516.016007,777.3646389,151.455231,1.440426639,703.2335109,0,762.9987066,3.860509886,158.2885765,5122.306139,503.6736826,0,0.002263267,0.034819979,0.780954214,0.081084287,0.710579605,0.084772112,0.016516129,0.000157128,0.076688866,0,0.083206035,0.000421436,0.017261186,0.558594173,0.054926119,1046,10,7,,33.9526,-84.549934
Marion County,696,91.45,44.11990776,18,1375,65.2,29.3,5.5,5.4,1.833333333,22.74204029,52.73,0,0,408.9813091,4934.483171,775.2544509,2678.277644,1029.051942,151.7563127,39.12166545,255.0750764,43.63636364,625.8409455,3.534276364,110.5401309,6902.629818,785.6366909,0,0,0.312676364,3.772538182,0.592705455,2.047614545,0.786734545,0.116021818,0.029912727,0.195010909,0.03336,0.478472727,0.002705455,0.084509091,5.277236364,0.60064,985,11,13,13197,,
McDuffie County,697,81.92,50.0142898,17.9,3674,58,31.6,10.3,9.7,1.2,45.750968,45.13,0,0,324.3572373,5633.49362,418.8741236,3415.968734,908.1525204,223.1240719,0,396.4724143,0,713.8799075,4.958587371,183.2964834,6624.583832,543.5648612,0,0,0.092357104,1.604069134,0.11927055,0.972656505,0.258584649,0.063532934,0,0.112890582,0,0.203268917,0.001412629,0.052191072,1.886271094,0.154774088,999,0,0,13189,,
McIntosh County,698,97.67,43.05003971,19.41111111,1378,46.6,41.8,11.6,11,1.833333333,54.02038505,34.09,0,0,503.9309652,5548.702025,496.8554209,5283.589028,1594.646967,229.852939,0,409.9720537,0,776.0838824,46.8248984,320.3323803,4842.029753,635.6968433,0,0,0.398047896,4.382859216,0.392460087,4.173454282,1.259593614,0.181560232,0,0.32383164,0,0.613018868,0.036988389,0.253026125,3.824666183,0.502133527,942,13,6,13191,,
Meriwether County,699,79.17,47.20416125,17.4,2557,58,33.6,8.5,9.7,2.9,52.6618705,28.85,0,0,448.6471177,5503.018189,296.0068088,4495.194368,1140.145315,111.6007822,0,602.2168831,0,843.5252757,10.13958936,259.7675792,6563.12984,815.9672781,0,0,0.194219789,2.382260461,0.128142354,1.945971842,0.493570591,0.04831052,0,0.260700039,0,0.3651623,0.004387955,0.112452092,2.841181072,0.353234259,1053,13,6,13199,,
Miller County,700,81.43,46.56862745,19.41111111,863,47.6,37.7,14.7,14.3,1.833333333,35.55926544,52.63,0,0,970.0022827,5822.912758,59.19677868,6004.43051,1395.28613,132.9550174,0,280.0746698,0,776.4286095,8.173580533,377.1246582,7090.632677,930.9073001,0,0,1.17433372,7.049536501,0.071668598,7.269281576,1.689212051,0.160961761,0,0.339073001,0,0.939988413,0.009895713,0.456570104,8.584298957,1.127010429,1011,13,6,13201,,
Mitchell County,701,79.35,67.95275591,17,1468,83.7,14.4,1.9,1.9,1.833333333,57.03517588,31.43,0,0,456.9514237,6364.641717,1322.151689,7971.315089,1319.287439,220.3951226,0,466.4442507,0,1003.243099,30.62385559,250.4393256,5294.829339,928.826376,0,0,0.357833787,4.984059946,1.035354223,6.242220708,1.033113079,0.172588556,0,0.365265668,0,0.785626703,0.023978202,0.196117166,4.14630109,0.727350136,969,17,6,13205,,
Monroe County,702,92.11,34.4337227,19.9,4158,64,30.5,5.5,5,1.833333333,34.22548121,48.56,0,16.05715248,451.7478499,6862.053086,263.2494733,5931.824656,1052.998415,170.1960197,0,392.3333838,0,587.9907095,5.007549303,106.1054906,4797.761664,949.6263853,0,0.004047619,0.113876864,1.72978355,0.066358826,1.49529341,0.265440115,0.042902838,0,0.098898509,0,0.148220298,0.001262626,0.026746032,1.209417989,0.239381914,1016,16,9,13207,,
Montgomery County,703,84.48,47.89915966,19.41111111,911,61.4,32.4,6.3,6.5,1.833333333,53.4428795,40,0,0,365.3288804,6469.348244,532.259045,3418.458584,869.2949726,115.292876,0,488.046213,0,535.2302744,7.156673985,210.1321076,6288.001098,649.9008342,0,0,0.434917673,7.701602634,0.633644347,4.069593853,1.034873765,0.137255763,0,0.581009879,0,0.637178924,0.008518112,0.250153677,7.48571899,0.773688255,998.0346821,13,13,13209,,
Morgan County,704,91.96,26.68168651,20.2,3265,66.1,29.2,4.6,4.5,1.1,29.43023777,50.48,81.30883614,24.85104135,447.6216386,6982.718129,475.2756907,5162.690018,709.0722511,165.8196355,0,430.5331516,173.3051057,653.7272221,16.63533844,204.8705023,5367.537519,610.056245,0.02581317,0.00788974,0.142101072,2.216735069,0.150882083,1.638949464,0.225102603,0.052640123,0,0.136676876,0.055016845,0.207531394,0.005280245,0.065038285,1.703981623,0.193669219,1004,16,9,13211,,
Murray County,705,95.94,31.98374692,19,7346,57.4,34.2,8.4,11.7,1.833333333,36.97179044,55.66,0,0,126.9522938,5633.373176,356.5030302,2069.807893,695.8592989,140.3616662,0,273.1527974,21.22469099,534.6030888,3.271252382,141.4522311,6335.824666,409.426624,0,0,0.017930847,0.795673836,0.050353934,0.292345494,0.098284781,0.019825756,0,0.038581541,0.00299755,0.075509121,0.000461476,0.019979581,0.894891097,0.05782875,974,10,16,13213,,
Muscogee County,706,89.37,42.2701609,19.2,33878,60,31.6,8.5,9.4,2.4,41.85910478,39.84,1.779990554,43.27651485,145.9546089,5930.841862,446.6088119,3492.733544,875.5695038,159.9020146,2.203653994,290.26583,0,609.7028269,0,81.40121613,5145.344058,420.3163248,5.73E-05,0.001393235,0.004699215,0.190947813,0.014378948,0.112451148,0.028189681,0.005148179,7.08E-05,0.009345298,0,0.019629848,0,0.002620875,0.165658244,0.013532381,1035,6,2,13215,,
Newton County,707,89.83,36.83093735,17.7,20675,56,35.3,8.7,9.2,2,44.87366698,40.36,0,3.235894559,129.4755434,5963.480252,551.8891216,2996.425506,806.8859671,130.5662201,0.926771463,430.0459347,0,648.1093059,5.18933688,152.3977083,6192.972769,550.8760295,0,0.000169287,0.006772914,0.311946312,0.028869166,0.156741475,0.042207981,0.006829988,4.84E-05,0.022495284,0,0.033902297,0.000271342,0.007971947,0.323951149,0.028815961,976,12,5,13217,,
Oconee County,708,97.53,7.0755886,23.5,8342,72.1,24.7,3.2,2.8,0.4,39.54379733,75.62,0.892071446,0.004281947,146.3306449,6826.116356,228.1921937,4697.495357,777.9114025,132.4158355,0.503476385,312.0621626,0,673.3987509,24.89938264,163.5421817,5277.925438,502.2447854,0.000109087,0,0.017871014,0.83367298,0.027868617,0.573705346,0.095005994,0.016172381,6.11E-05,0.038111964,0,0.082241669,0.003041237,0.019973627,0.644592424,0.061339007,1116,10,16,13219,,
Oglethorpe County,709,96.43,29.96146435,20,2153,56.4,36,7.6,7.1,1.833333333,30.74238579,52.55,0,2.183910822,332.5135346,6772.046103,514.1694241,4333.662253,819.464575,180.8238783,0,371.3610497,0,754.7649094,7.21620994,187.9582861,7135.098932,687.1041802,0,0.001035764,0.157965629,3.217124942,0.244259173,2.058745936,0.389294008,0.085903391,0,0.17641895,0,0.358560149,0.003427775,0.089289364,3.389595913,0.326414306,1043,13,13,13221,,
Paulding County,710,90.8,17.75954476,19.8,32432,52.1,38.9,9,8.1,1.5,31.02712754,44.09,0,0,95.5497262,6238.844891,468.297327,2958.515355,592.1539267,156.1371383,0.904045387,332.8674399,0,607.9203749,4.125310804,105.0746174,6137.317464,485.8876606,0,0,0.003126542,0.204144055,0.015323446,0.096806857,0.019376233,0.005109151,2.96E-05,0.01089202,0,0.019892082,0.000135052,0.003438271,0.200822028,0.015898804,1023,6,2,13223,,
Peach County,711,87.6,42.04956837,17.4,3892,58.1,33.6,8.3,9.2,3.4,44.98425551,43.56,0,0,336.5502724,5395.826138,276.9591418,3354.59713,817.5645478,142.3428931,0.385405961,404.7407862,0,635.0173047,5.878625385,102.7026336,5376.776208,501.1730601,0,0,0.092535971,1.483591984,0.076151079,0.922353546,0.224791881,0.039136691,0.000105344,0.111284687,0,0.174599178,0.001616136,0.02823741,1.478355601,0.137798047,929,16,0,13225,,
Pelham City,784,86.09,56.28698225,17.8,1438,66,29.5,4.5,5.4,1.833333333,39.51129553,34.62,0,5.799082058,351.6745202,6661.678484,291.6020584,853.4793741,762.2338039,114.0753547,62.58692629,331.4095897,0,835.5485118,8.938449235,307.5043463,8599.013213,358.4585049,0,0.004228095,0.25632128,4.855452017,0.212538248,0.622072323,0.555563282,0.083143255,0.045618915,0.241550765,0,0.608998609,0.006515994,0.224130737,6.267503477,0.261265647,955,11,13,,31.127685,-84.151847
Pickens County,712,93.95,24.2759595,22.9,4470,55,36.6,8.3,8.6,0.9,40.51934472,51.16,0,0,273.6021163,6957.002407,580.6131655,5396.909025,975.9388971,216.4417025,0,393.667038,0,603.815736,4.972691275,132.2998881,5525.266667,705.9538367,0,0,0.063926174,1.625467562,0.135657718,1.260959732,0.228022371,0.05057047,0,0.091977629,0,0.1410783,0.001161074,0.030910515,1.290950783,0.164941834,1062,16,9,13227,,
Pierce County,713,85.92,33.03468208,20.3,3682,68.9,28,3.1,3.9,1.2,28.05031447,57.09,0,0,317.7141065,6206.87261,339.7833351,2493.043183,698.3688539,179.3712493,0,575.7167789,0,647.1531613,5.738335144,249.2130337,7021.454644,442.2984383,0,0,0.090594785,1.769853341,0.096887561,0.710877241,0.199136339,0.051146116,0,0.164163498,0,0.184532863,0.001634981,0.071061923,2.002126562,0.126118957,1106,0,0,13229,,
Pike County,714,95.44,18.00976801,19.5,3441,60.7,33,6.3,6.8,0.9,31.54597845,53.88,0,0,275.2375937,5350.658901,288.9211421,2781.177265,621.4182592,135.9913804,0,659.6894217,0,552.2768759,9.930273176,170.7340424,6295.45016,488.7062337,0,0,0.083609416,1.625353095,0.087765185,0.844829991,0.188764894,0.041310666,0,0.200392328,0,0.167762278,0.003016565,0.051862831,1.912348155,0.148453938,1009,0,0,13231,,
Polk County,715,86.82,37.5,19.6,8237,55.5,33.1,11.4,10.8,2.1,30.89649467,53.77,0,0,161.8483186,5972.515753,144.8720881,2187.761078,881.180068,140.4565315,4.388887945,159.7620408,0,538.9212857,5.842537332,220.2363761,6480.175428,325.8823904,0,0,0.020593663,0.759958723,0.018433896,0.278376836,0.112123346,0.017871798,0.000558456,0.020329003,0,0.06857351,0.000742989,0.028023552,0.824555056,0.041466553,1010,10,16,13233,,
Pulaski County,716,91,46.38602065,19.41111111,1341,51.7,36.1,12.2,11.4,1.833333333,52.44755245,40.22,0,0,809.7634676,5477.891663,156.4688069,2843.282066,775.1025802,140.1950336,0,449.8033632,0,752.4505817,9.232028337,213.0916928,7145.611484,537.1657793,0,0,0.637106637,4.309910515,0.12310962,2.23704698,0.609835943,0.110305742,0,0.353900075,0,0.592013423,0.007263236,0.167658464,5.622035794,0.422632364,1000,11,13,13235,,
Putnam County,717,90.27,39.99298984,18.5,3007,55.5,36.7,7.7,7.5,1.833333333,37.16381418,40.48,0,12.06420685,423.2638244,6852.304696,410.3573661,7747.785979,1080.791038,169.9900233,5.53168274,394.9557931,0,687.1201463,4.829378118,189.6939874,4545.952112,917.7047223,0,0.004133688,0.145001663,2.347482541,0.140581975,2.65426006,0.370259395,0.05823412,0.001895577,0.13530429,0,0.23539408,0.00165281,0.064985035,1.557366146,0.314389757,1049,17,14,13237,,
Quitman County,718,73.08,57.09219858,19.41111111,316,60.8,31.3,7.9,7.6,1.833333333,67.30769231,36.84,2.373417722,22.33550633,2092.189399,7290.974399,510.3151582,4447.972405,1349.866741,224.2970253,0,484.2217089,0,1192.08019,25.9139557,424.3144937,9186.018987,911.9087025,0.008291139,0.078101266,7.315348101,25.49291139,1.784303797,15.55234177,4.719810127,0.784240506,0,1.69306962,0,4.168101266,0.090601266,1.483607595,32.1189557,3.188481013,795,7,8,13239,,
Rabun County,719,92.86,25.69857994,20.4,2287,50.7,40.5,8.8,7.6,1.6,28.69405273,53.19,0,28.05017053,423.781854,7453.056996,544.154906,9558.640656,1646.422304,184.7617009,54.65675557,399.984836,8.75E-06,930.0165107,67.98295146,185.3374727,3783.926979,668.751526,0,0.01270223,0.19192829,3.375478793,0.246445125,4.329094884,0.74566244,0.083677307,0.024752951,0.181154351,0,0.421202449,0.03079143,0.083939659,1.71373415,0.302877132,1053,17,14,13241,,
Randolph County,720,78.57,71.62921348,19.41111111,768,66.3,24.7,9,8.9,1.833333333,61.79039301,14.55,0,0,851.3023438,5718.130807,984.7345573,5248.371133,1550.62487,248.0487109,0,477.4298698,0,1339.457578,18.90089844,255.9342839,6607.966146,775.3224349,0,0,1.179088542,7.91984375,1.363893229,7.269205729,2.147682292,0.343554688,0,0.661263021,0,1.855208333,0.026184896,0.354479167,9.152304688,1.073854167,816,13,6,13243,,
Richmond County,721,77.17,47.68691748,17.1,33955,56.2,32.6,11.2,13.7,2.4,44.71026965,28.42,0,38.20720247,193.5796354,5017.399096,351.7724214,2934.704947,907.6583287,123.1540024,0.294507436,279.5968968,0,777.7004429,9.651630688,113.7652305,5185.217199,415.2629436,0,0.001291415,0.006543072,0.169586806,0.011889854,0.099192461,0.030678545,0.004162568,1.00E-05,0.009450449,0,0.026285967,0.000326314,0.003845384,0.175259019,0.01403593,960,6,2,13245,,
Rockdale County,722,84.56,36.29533035,19.3,17729,60.4,31.4,8.1,9.4,2.2,49.61891644,36.92,0,10.86389813,282.1439043,6233.290727,596.3485476,3599.654296,714.9604969,160.573963,0,422.7001664,4.215262564,714.9760624,5.974039709,112.7283693,6376.835919,515.0995984,0,0.00066614,0.017306109,0.382340234,0.036579051,0.220796999,0.043854701,0.009849399,0,0.025927576,0.000258334,0.043855265,0.000366631,0.00691466,0.391145017,0.031595127,984,5,5,13247,,
Rome City,785,92.99,39.82357658,19.3,6691,69.1,24.4,6.5,6.6,0.5,46.84540787,42.34,0,70.61384546,279.5189598,6435.609359,164.8845688,3557.849849,932.5216575,154.6123614,0,481.7839023,172.912046,655.1678254,5.064101031,131.8879734,5895.172321,992.4179719,0,0.01088776,0.043095203,0.992231356,0.025422209,0.548542819,0.14377522,0.023837991,0,0.074280377,0.026659692,0.101013301,0.000780152,0.020334778,0.908907488,0.153008519,1029,16,16,,34.257038,-85.164673
Savannah-Chatham County,625,89.73,38.13983394,19.4,39853,58.8,32.1,9.2,10.1,2.1,42.61175952,34.84,0,29.1969794,292.6900943,6464.086332,317.3042265,6971.775816,976.7651585,165.4827928,1.361601385,373.6299277,11.84621358,683.8449241,3.750567084,60.07071111,4116.339999,714.8674486,0,0.000809475,0.008113818,0.17919454,0.008796076,0.193268512,0.02707751,0.004587359,3.76E-05,0.010357564,0.000328457,0.018957168,0.000103882,0.00166537,0.114111359,0.019817329,993,4,17,13051,,
Schley County,723,92.47,26.57916325,20.1,1248,66.3,31.1,2.6,2.6,1.833333333,28.34101382,54.22,26.62586538,0,549.051266,6275.370825,276.5474439,2141.591771,714.5975481,229.4145833,77.32371795,318.6479087,0,654.67625,3.993389423,160.0160657,7794.60016,458.4648317,0.021738782,0,0.448205128,5.122748397,0.225753205,1.748237179,0.583341346,0.187275641,0.063125,0.260120192,0,0.53443109,0.003261218,0.130625,6.362940705,0.374254808,1019,11,13,13249,,
Screven County,724,86.62,43.78995434,20.8,2362,59,32.7,8.3,8.7,1.833333333,28.9981895,42.4,0,0,307.8158129,5814.566562,234.5578747,3012.517756,770.8421804,164.006884,4.105601185,409.7645428,0,695.7121253,6.81988569,163.9843268,6553.027942,596.4435478,0,0,0.140169348,2.647798476,0.106812024,1.371820491,0.351020322,0.074682472,0.001871296,0.186596105,0,0.31680779,0.003107536,0.074674005,2.98407282,0.271604572,1055,11,13,13251,,
Seminole County,725,92.52,46.70846395,19.41111111,1365,68.9,24.9,6.2,7.1,1.833333333,25.58708415,46.32,0,1255.941392,334.2449011,6616.477502,198.3084835,3815.27537,1170.517407,332.7446667,0,545.9740147,0,666.1990623,19.06172161,288.6171941,6444.112088,641.1215678,0,0.981201465,0.261128205,5.169120879,0.154930403,2.980681319,0.914468864,0.259956044,0,0.426542125,0,0.520468864,0.014893773,0.225479853,5.034461538,0.500879121,1007,13,6,13253,,
Social Circle City,786,94.5,24.03282532,21.3,1798,58,35.5,6.5,6.7,1.833333333,44.66608846,33.66,1112.347052,0,551.6409066,6516.254766,318.5150501,3325.861596,863.2073192,193.1683927,0,372.1724638,0,881.2091491,42.00793103,207.7157953,6667.160178,495.9676363,0.653937709,0,0.324304783,3.830839822,0.187252503,1.955239155,0.50746941,0.113559511,0,0.218798665,0,0.518053393,0.024694105,0.122113459,3.919555061,0.291573971,992,11,13,,33.654,-83.717
Stephens County,727,93.9,37.23739496,20.2,4043,49,39.9,11.1,11,0.9,30.20572967,49.36,0,0,344.4330596,6108.176968,293.5062726,2912.44631,770.413072,98.15712095,0,360.3428914,0,521.3440193,12.56126391,159.0611427,6475.89117,440.2428667,0,0,0.08978976,1.592329953,0.076512491,0.759240663,0.200838486,0.025587435,0,0.09393767,0,0.135908978,0.003274796,0.041464259,1.688189463,0.114766263,1037,0,0,13257,,
Stewart County,728,92.59,65.17412935,19.41111111,440,68,27.7,4.3,4.5,1.833333333,34.33242507,40,0,0,1291.697205,7399.701636,912.6642727,7161.690773,1345.339886,244.5305455,0,1246.04575,432.1385909,1404.550614,0,407.7882727,6945.392045,1282.006455,0,0,3.189386364,18.27086364,2.2535,17.68318182,3.321818182,0.603772727,0,3.076659091,1.067,3.468022727,0,1.006886364,17.14911364,3.165454545,951,7,8,13259,,
Sumter County,729,92.55,62.36481615,16.5,4371,66.5,30.2,3.3,4.2,1.833333333,44.12438625,33.95,0,0,260.4819286,5858.883702,329.8669549,3380.994582,775.2025623,160.2513132,0,329.6276596,6.938462594,612.6459986,0,98.47474262,6427.921528,819.3310478,0,0,0.062109357,1.396968657,0.078652482,0.806149623,0.184836422,0.038208648,0,0.078595287,0.001654084,0.146076413,0,0.023479753,1.532646992,0.195358042,918,0,0,13261,,
Talbot County,730,80,59.20745921,19.41111111,458,64,33.6,2.4,0,1.833333333,38.46153846,42.86,0,0,1198.807205,6953.826397,404.42631,7192.690284,1786.793777,240.2647817,12.94467249,717.9177074,0,1173.462293,6.266069869,330.8482969,5441.39738,1093.304258,0,0,2.755873362,15.98580786,0.929716157,16.53491266,4.107576419,0.552336245,0.029759825,1.650393013,0,2.697620087,0.01441048,0.760567686,12.50895197,2.513340611,998.0346821,17,8,13263,,
Taliaferro County,731,100,57.92682927,19.41111111,177,79.7,18.6,1.7,2.8,1.833333333,32.05128205,63.64,0,0,2091.188023,12198.40542,1314.228079,8634.650904,2058.866384,518.7673446,0,1486.484068,0,1478.931864,40.46757062,304.2667232,11040.0113,1105.625876,0,0,12.90858757,75.29881356,8.112542373,53.30033898,12.70903955,3.202259887,0,9.175819209,0,9.12920904,0.249774011,1.87819209,68.14819209,6.824858757,998.0346821,7,8,13265,,
Tattnall County,732,89.24,40.87346025,20.3,3844,63.4,30.8,5.7,7,1.1,36.66734157,53,27.75037201,0,329.8275052,5473.126257,425.2281191,1932.273124,713.3947581,138.5694095,196.7554631,351.3636446,0,532.989334,11.27020291,165.794974,6781.207076,731.8987461,0.00760666,0,0.090413632,1.500309573,0.116563476,0.529680021,0.195556712,0.037983871,0.053936004,0.096316337,0,0.146105619,0.003090531,0.045447451,1.858883975,0.200629553,1010,0,0,13267,,
Taylor County,733,86.24,45.77677225,19.3,1486,62.4,33.2,4.4,4.3,3.4,35.17474634,55.1,0,75.99002692,511.5125774,6577.909024,190.7109287,3274.952349,976.7469179,173.2976043,0,341.5611238,0,593.4583513,6.264246299,532.833782,6518.26245,531.9688223,0,0.05705249,0.384017497,4.938371467,0.143176312,2.458674293,0.733290713,0.130100942,0,0.256426649,0,0.445538358,0.004703903,0.400026918,4.89359354,0.399374159,963,11,13,13269,,
Telfair County,734,89.31,49.30467762,19.41111111,1685,62.4,31.8,5.8,7.6,1.833333333,25.08204407,58.82,0,0,422.284095,6335.442457,251.2865401,2840.130861,794.6947537,159.2046766,0,309.0559466,76.44807122,695.7890564,9.600077151,4155.183128,6790.162611,669.1309555,0,0,0.264919881,3.974557864,0.157643917,1.781762611,0.498551929,0.099875371,0,0.19388724,0.047958457,0.436504451,0.006023739,2.606765579,4.259827893,0.419780415,950,11,13,13271,,
Terrell County,735,88.54,74.01032702,16,1253,65.8,31.2,3,7.3,1.833333333,39.73509934,20.45,112.9124581,0,519.8479569,5539.680758,588.0997207,4256.65743,1659.441748,185.4250838,387.9273743,422.9307901,0,836.8160255,8.927964884,238.1750599,5725.028731,841.5867039,0.096751796,0,0.445458899,4.746943336,0.503942538,3.647517957,1.421971269,0.158890662,0.332410215,0.362410215,0,0.717063049,0.007653631,0.204094174,4.905762171,0.721157223,921,13,6,13273,,
Thomas County,736,92.58,38.88280394,19.4,5885,58.8,33.2,8,8.5,1.833333333,32.22797927,36.78,0,0,250.948559,6118.093562,611.8437961,2718.206289,858.894085,122.4999847,0,437.8563364,0,532.7400714,7.418197111,139.5401138,7099.413084,527.0103076,0,0,0.045437553,1.107748513,0.110781648,0.492161427,0.155512319,0.022180119,0,0.079279524,0,0.096458794,0.001342396,0.02526593,1.285427358,0.095420561,1009,0,16,13275,,
Thomaston-Upson County,745,88.69,43.80165289,17.2,4141,61,30.7,8.4,8,2,41.94493263,48.18,0,29.18705144,305.1609853,5751.44879,282.0818474,2501.899744,839.3754576,116.340169,18.08193673,351.5786042,0,691.2374378,9.041576914,145.0110094,7180.836754,603.3289544,0,0.007261531,0.075911616,1.430707559,0.070169041,0.622364163,0.208799807,0.02893987,0.004498913,0.087457136,0,0.171948805,0.002248249,0.036073412,1.786278677,0.150082106,943,0,0,13293,,
Thomasville City,789,78.41,37.17899578,19.7,2819,70.9,24.1,5,5.6,4.7,40.71729958,47.59,0,34.51411848,367.2412629,6426.925928,324.227868,4744.29613,1000.177634,148.7871444,-17.18909188,647.8092586,23.35615466,847.4562611,14.7191309,100.3974495,5436.431004,200.9036893,0,0.013178432,0.140223484,2.453962398,0.12379922,1.81148989,0.381894289,0.056810926,-0.006562611,0.247350124,0.008918056,0.323579283,0.005619014,0.038332742,2.075764455,0.0767116,1040,13,9,,30.836582,-83.978783
Tift County,737,86,42.61333333,19.1,8028,54.3,35.3,10.4,9.2,2.2,41.89481978,40.19,0,0,132.1806901,5962.63322,209.5008881,2600.351592,627.5155543,164.3727192,0,394.4376507,0,773.5132549,7.21017439,173.1462431,6188.930742,285.0147646,0,0,0.01721724,0.776687843,0.027289487,0.338719482,0.081740159,0.02141131,0,0.051378924,0,0.100757349,0.000939213,0.022553563,0.806164674,0.037126308,1002,10,16,13277,,
Toombs County,738,95.05,48.14814815,17,2994,60.7,32,7.3,8.6,1.833333333,35.39232053,44.25,1.430217101,0,189.8029826,6034.047051,106.8892184,2290.686293,590.2572211,170.2278023,0,298.1932966,0,548.6689112,10.54380762,140.0278257,6457.97161,431.5845925,0.000501002,0,0.066272545,2.106860387,0.037321309,0.799819639,0.206095524,0.059435538,0,0.104118236,0,0.191573146,0.003680695,0.048891116,2.25487976,0.150691383,922,0,0,13279,,
Towns County,739,95,21.7155266,21.4,977,62.9,31.5,5.5,5.6,1.833333333,23.66504854,65.52,0,29.99752303,704.2219652,8867.189734,53.07385875,9400.703286,1185.053982,254.582436,0,1107.7687,43.8525998,936.972436,15.01761515,388.6018424,4508.69089,757.5764483,0,0.032118731,0.753981576,9.493776868,0.056827021,10.06499488,1.268792221,0.272569089,0,1.18604913,0.046949846,1.003183214,0.016079836,0.416059365,4.827287615,0.811105425,1033,17,14,13281,,
Treutlen County,740,80,41.24401914,19.41111111,1096,58.7,36.3,5,6.5,1.833333333,26.38190955,30.77,0,0,631.1028923,6378.715146,157.0611223,2074.014763,719.091031,162.6086131,0,220.6619161,0,638.3264142,4.506094891,225.2817153,8269.889599,523.7715511,0,0,0.604507299,6.109881387,0.150437956,1.986605839,0.688786496,0.155757299,0,0.211359489,0,0.611423358,0.004315693,0.215784672,7.921350365,0.50169708,932,11,13,13283,,
Trion City,791,99.12,18.25951826,19.6,1330,72.4,24.6,3,2.9,1.833333333,22.3880597,70.8,17.43609023,0,439.774015,6357.850256,97.85241353,1023.534962,1189.78888,187.1238045,0,271.8543308,0,984.3819699,9.544676692,82.19562406,8856.462406,2.624827068,0.013240602,0,0.333917293,4.827526316,0.074300752,0.777172932,0.903406015,0.142082707,0,0.206421053,0,0.747443609,0.00724812,0.062413534,6.724721805,0.001992481,1091,11,13,,34.543974,-85.310511
Troup County,741,85.9,35.78774523,19.7,12498,58.3,33.2,8.6,9.8,1.7,37.27683083,43.68,0,33.38580333,278.6544079,5751.979335,384.8172556,4018.523421,900.9801104,165.9161746,0,646.526057,0,720.1630597,6.72049928,131.1577516,5430.241303,720.3195679,0,0.002848456,0.023771803,0.490699312,0.032828453,0.342818851,0.076862698,0.014154265,0,0.055155225,0,0.06143703,0.000573692,0.01118899,0.46325172,0.061449832,1013,5,15,13285,,
Turner County,742,94.19,60.67615658,15.3,1210,49.1,38.3,12.6,10.9,1.833333333,54.1430193,42.86,0,0,672.2294959,5556.896289,740.8599504,3328.463909,1066.405496,145.9171405,1.752404959,677.8955537,0,912.3862397,7.46222314,348.602562,7210.150413,581.360124,0,0,0.596479339,4.930694215,0.657371901,2.953380165,0.946231405,0.129471074,0.001553719,0.601504132,0,0.809570248,0.006619835,0.309322314,6.397652893,0.51585124,946,11,13,13287,,
Twiggs County,743,85.14,51.01214575,19.41111111,790,54.3,34.8,10.9,11.8,4.1,52.21518987,46.03,0,0,1114.778696,5964.821519,225.2303544,6018.863608,1693.312392,180.5070127,0,616.2822278,0,990.6636962,14.44440506,455.6520633,5108.546835,1018.804089,0,0,1.480455696,7.921405063,0.299113924,7.993177215,2.248759494,0.239721519,0,0.81843038,0,1.315620253,0.019177215,0.605113924,6.784253165,1.352987342,887,13,6,13289,,
Union County,744,98.5,21.70429716,21.6,2898,49,42,8.9,8.7,1.833333333,21.7401901,70.05,0,18.44326432,424.9016287,7276.776577,306.3453899,5910.280066,1345.956556,191.9663009,11.4552864,408.9602036,0,695.5925086,8.240017253,246.0615804,5374.279158,460.1091477,0,0.006697723,0.154340925,2.643216011,0.111276743,2.146849551,0.488906142,0.069730849,0.004161491,0.148550725,0,0.252667357,0.002991718,0.089378882,1.952153209,0.167129055,1064,17,9,13291,,
Valdosta City,792,90.47,56.56080748,19.9,9307,60.1,31.8,8.1,10.6,2.1,50.00481928,42.89,0,3.663433974,182.1494585,5133.791345,347.0582024,3222.317719,910.0142076,115.0000806,0,338.9667057,233.6637305,608.1102579,6.446024498,93.192785,4933.003008,305.3567519,0,0.000446975,0.022221983,0.626301708,0.042340174,0.393109487,0.111017514,0.014029225,0,0.041352745,0.0285065,0.074187171,0.000786505,0.011368862,0.601806167,0.037252606,988,10,7,,30.832703,-83.278488
Vidalia City,793,93.82,41.57676349,18.5,2579,70.2,25.7,4.1,4.5,1.833333333,35.90288316,49.7,0,0,334.2680186,5081.300198,220.8452695,2324.169104,843.0896472,178.3441915,1.163241566,532.1788988,0,577.3398604,17.88044203,121.2744475,5879.084529,272.1165297,0,0,0.137332299,2.087634742,0.090732842,0.95487786,0.346378441,0.073272586,0.000476929,0.218642885,0,0.237196588,0.007347809,0.049825514,2.415401318,0.111799147,1022,0,0,,32.217686,-82.413461
Walker County,746,90.68,30.13747759,19.3,8921,53.4,35.7,10.9,10.9,2.1,31.28687729,39.41,0,0,120.960871,6995.883537,269.9621119,2748.276744,823.1840601,161.6073557,0,494.6504383,0,757.1250163,7.786692075,165.7392557,7345.586033,590.8903105,0,0,0.014450174,0.835728057,0.032249748,0.328309607,0.09833763,0.019306132,0,0.059090909,0,0.090446138,0.000930389,0.01979935,0.877503643,0.070587378,1124,10,7,13295,,
Walton County,747,91.8,23.91733002,20.4,14663,56.6,34.7,8.7,8.3,1.3,27.97949858,50.67,0,35.75012753,184.3801671,6125.36219,318.5598813,3699.768564,767.538887,129.9045864,0,238.4367599,0,651.7122772,4.032868444,122.7580038,5240.285276,486.6511307,0,0.002599059,0.013403805,0.445286776,0.023157608,0.268956557,0.055796904,0.009443497,0,0.017333424,0,0.04737639,0.000293255,0.008923822,0.380945236,0.035377481,1030,5,15,13297,,
Ware County,748,91.72,48.16151203,21.5,6348,63.3,29.9,6.8,7.4,2,36.17021277,47.13,0,20.76038752,143.4687035,6308.386232,296.9866793,2366.741533,936.1594392,197.2194219,0.09784184,505.0428781,31.96769061,683.3900394,6.726227158,154.0448425,7378.821204,504.9130482,0,0.003557026,0.024584121,1.080943604,0.050888469,0.405541903,0.160411153,0.033793321,1.73E-05,0.086539067,0.005477316,0.117098299,0.001153119,0.026395715,1.264362004,0.086517013,1073,0,16,13299,,
Warren County,749,90.7,65.50580431,19.41111111,648,67.4,26.7,5.9,5.6,1.833333333,42.9245283,60,0,0,1092.750525,6495.319769,559.7990741,5842.629522,1288.788657,167.7272068,151.0242284,336.9871605,0,842.7645833,6.03316358,207.5266975,6696.776235,953.2855556,0,0,1.800246914,10.70069444,0.922237654,9.625416667,2.123209877,0.27632716,0.248811728,0.555169753,0,1.388410494,0.009938272,0.341882716,11.03257716,1.570493827,886,13,6,13301,,
Washington County,750,90,47.99866578,17.8,3121,53.1,38.1,8.8,8.1,1.2,22.66666667,50,0,0,512.5551778,5404.951903,373.0532265,4004.778026,888.80347,147.1642711,28.51650112,353.8565011,0,832.8518872,5.598808074,136.2352099,5293.01538,608.619654,0,0,0.169384813,1.786171099,0.123284204,1.323457225,0.293723166,0.048631849,0.009423262,0.116940083,0,0.275232297,0.001848766,0.045020827,1.74917975,0.201131048,938,16,9,13303,,
Wayne County,751,92.35,38.44492441,18,5517,56.1,35.3,8.6,9.7,1.8,34.60606924,38.6,0,10.16411818,287.320377,5774.726538,338.767176,2509.553904,692.4376835,190.083337,0.154069241,342.5102175,0,533.8606688,11.0998278,184.3946728,6506.773609,453.6460033,0,0.001973899,0.055802066,1.121524379,0.065793003,0.487386261,0.134480696,0.036916803,3.08E-05,0.066519848,0,0.103683161,0.002155157,0.035811129,1.263695849,0.088104042,982,0,0,13305,,
Webster County,752,91.3,49.6350365,17.1,303,66.7,32.7,0.7,5.9,1.833333333,19.53125,57.14,0,0,1510.496073,8228.192871,78.23141914,6790.644785,1147.681914,183.7539604,0,322.5234983,0,835.8083168,3.125247525,212.970297,8311.947195,419.5425413,0,0,5.433432343,29.59782178,0.281419142,24.42676568,4.128349835,0.660990099,0,1.160165017,0,3.00650165,0.011254125,0.766072607,29.89907591,1.509141914,932,7,8,13307,,
Wheeler County,753,91.03,50.10615711,19.41111111,1011,64,31.4,4.6,5,1.833333333,36.89179375,61.43,0,0,1045.971513,6042.121078,103.5681602,2577.249139,890.2056182,212.5572898,0,208.7457171,0,881.6650049,5.654718101,231.6078932,7574.131553,681.9221167,0,0,1.096409496,6.333461919,0.108565776,2.701523244,0.933125618,0.2228091,0,0.218813056,0,0.924174085,0.005924827,0.242779426,7.93933729,0.714807122,880,11,13,13309,,
White County,754,93.57,23.11518325,21.8,4025,55.8,35.2,9,9.3,1.1,28.88372993,53.28,0,7.355520497,330.9987677,6780.980338,203.080487,4413.014889,714.2178137,168.9040199,1.341614907,308.4987106,0,780.3765466,31.1558882,98.20099627,5602.465342,546.3149615,0,0.001922981,0.086489441,1.771878261,0.053065839,1.153125466,0.186626087,0.044134161,0.000350311,0.08061118,0,0.203913043,0.008141615,0.025659627,1.463930435,0.142752795,1043,16,9,13311,,
Whitfield County,755,86.83,20.05765073,19.5,13306,59.2,34.6,6.2,6.9,2.1,24.4752309,47.09,0,0.503616414,113.0841199,6467.343087,402.1148813,2676.030979,684.7861153,213.6650564,5.606944236,400.4555652,3.592364347,770.1317909,5.541250564,139.9492447,6986.282204,421.247432,0,3.83E-05,0.008675785,0.49619044,0.030851496,0.205311889,0.052538704,0.016392605,0.000429881,0.030723734,0.000275815,0.059086127,0.000425372,0.010737261,0.53600481,0.032319254,1019,5,15,13313,,
Wilcox County,756,95.35,40.71180556,15.2,1217,59.7,32.7,7.6,6.8,1.833333333,22.93281654,26.51,0,0,493.7956204,5556.96539,182.5015694,2516.661298,791.2793837,95.98729663,0,299.5533607,77.01633525,735.8251931,23.45544782,365.1364339,6871.967132,751.8220789,0,0,0.425316352,4.786359901,0.157189811,2.167666393,0.681552999,0.082678718,0,0.258011504,0.066335251,0.633788003,0.020205423,0.314502876,5.919005752,0.64756779,904,11,13,13315,,
Wilkes County,757,82,43.79671151,18.1,1391,62.3,33.3,4.4,4.7,1.833333333,29.20353982,35.8,0,0,436.0500216,6323.693616,346.0096621,5058.043199,1251.206075,255.7957872,0.04457225,642.1697628,0,788.3011215,12.83191229,386.1903954,6178.503954,852.3023221,0,0,0.322760604,4.680747664,0.256110712,3.743925234,0.926132279,0.189338605,3.59E-05,0.475327103,0,0.583493889,0.009496765,0.285851905,4.573285406,0.630869878,987,13,6,13317,,
Wilkinson County,758,94.12,50.34364261,17.1,1244,76.5,20.7,2.7,3.4,1.833333333,40.71474154,32.29,0,0,426.3513264,5937.418577,461.928963,5321.820723,1547.088481,121.9239148,27.49598071,304.4363746,0,1123.40881,5.882122186,194.9193328,5781.277331,973.3964228,0,0,0.365337621,5.087765273,0.395827974,4.560257235,1.325699357,0.104477492,0.023561093,0.260868167,0,0.962644695,0.005040193,0.167025723,4.953963023,0.834099678,971,13,6,13319,,
Worth County,759,75.49,45.99602912,16.7,3231,53.1,37.4,9.5,11,2.2,35.7596612,44.85,0,31.43257815,293.8576849,5070.654076,312.0982358,2969.18355,692.5046611,183.3615846,0,641.8090994,0,590.9343114,9.844363974,150.0868926,6410.729186,744.9801609,0,0.010355927,0.096821418,1.670727329,0.102831941,0.978313216,0.22817394,0.060414732,0,0.211470133,0,0.194707521,0.003243578,0.049452182,2.112265552,0.245462705,973,0,0,13321,,
